email,first_name,initials,last_name,dob,gender,role,phone,street_address,city,state_province,postal_code,country,password1,password2
alex_binger@gmail.com,Alex,E,Binger,12/3/1965,male,parent,+4796127948,Lundbråten 11,Førde,Førde,9376,NO,@0BusiaKenya,@0BusiaKenya
bailey_walekhwa@yahoo.com,Bailey,I,Walekhwa,6/3/1971,female,parent,+4796697627,Havgata 66,Kongsvinger,Kongsvinger,9117,NO,@0BusiaKenya,@0BusiaKenya
cameron_leo@outlook.com,Cameron,M,Leo,10/29/1963,male,parent,+4796566046,Skoggata 22,Notodden,Notodden,3770,NO,@0BusiaKenya,@0BusiaKenya
dakota_hlongwane@hotmail.com,Dakota,K,Hlongwane,3/26/1971,male,parent,+4796753959,Elvbakken 95,Fauske,Fauske,2073,NO,@0BusiaKenya,@0BusiaKenya
elliot_kedibone@aol.com,Elliot,L,Kedibone,6/25/1974,male,parent,+4796913718,Elvhagen 27,Arendal,Arendal,8845,NO,@0BusiaKenya,@0BusiaKenya
finley_hansen@icloud.com,Finley,N,Hansen,10/23/1970,male,parent,+4796898448,Vikhagen 190,Notodden,Notodden,9684,NO,@0BusiaKenya,@0BusiaKenya
gabriel_johansen@protonmail.com,Gabriel,B,Johansen,11/8/1970,male,parent,+4796812002,Vikgata 125,Førde,Førde,1603,NO,@0BusiaKenya,@0BusiaKenya
harper_olsen@zoho.com,Harper,R,Olsen,7/21/1963,female,parent,+4796958236,Bergbakken 102,Jessheim,Jessheim,2186,NO,@0BusiaKenya,@0BusiaKenya
isaac_larsen@gmx.com,Isaac,A,Larsen,9/1/1971,male,parent,+4796461106,Elvplassen 97,Moss,Moss,4164,NO,@0BusiaKenya,@0BusiaKenya
jordan_jensen@yandex.com,Jordan,R,Jensen,8/13/1972,male,parent,+4796239563,Åsplassen 69,Moss,Moss,4049,NO,@0BusiaKenya,@0BusiaKenya
kendall_de vries@mail.com,Kendall,N,de Vries,9/23/1966,female,parent,+4796660405,Vikveien 110,Fauske,Fauske,1243,NO,@0BusiaKenya,@0BusiaKenya
logan_eliassen@tutanota.com,Logan,G,Eliassen,6/12/1971,male,parent,+4796740054,Åsenga 116,Kirkenes,Kirkenes,4111,NO,@0BusiaKenya,@0BusiaKenya
morgan_knudsen@fastmail.com,Morgan,R,Knudsen,11/5/1965,female,parent,+4796306738,Åshagen 169,Kirkenes,Kirkenes,6730,NO,@0BusiaKenya,@0BusiaKenya
noah_myklebust@hushmail.com,Noah,A,Myklebust,4/23/1963,male,parent,+4796974766,Solhagen 176,Gjøvik,Gjøvik,4777,NO,@0BusiaKenya,@0BusiaKenya
olivia_rossi@lycos.com,Olivia,I,Rossi,9/6/1968,female,parent,+4796134187,Fjordstien 70,Førde,Førde,5768,NO,@0BusiaKenya,@0BusiaKenya
parker_eide@inbox.com,Parker,R,Eide,9/25/1966,male,parent,+4796362444,Elvveien 134,Jessheim,Jessheim,3588,NO,@0BusiaKenya,@0BusiaKenya
quinn_andresen@rediffmail.com,Quinn,I,Andresen,7/25/1971,female,parent,+4796540648,Bergenga 124,Alta,Alta,7831,NO,@0BusiaKenya,@0BusiaKenya
riley_eliassen@mailfence.com,Riley,L,Eliassen,7/17/1972,female,parent,+4796623192,Dalbråten 78,Notodden,Notodden,5745,NO,@0BusiaKenya,@0BusiaKenya
sawyer_kristiansen@runbox.com,Sawyer,W,Kristiansen,8/15/1970,male,parent,+4796498801,Havgata 170,Levanger,Levanger,6481,NO,@0BusiaKenya,@0BusiaKenya
taylor_mikkelsen@posteo.com,Taylor,Y,Mikkelsen,10/25/1974,female,parent,+4796916373,Skoggata 131,Hønefoss,Hønefoss,7447,NO,@0BusiaKenya,@0BusiaKenya
avery_birkeland@startmail.com,Avery,E,Birkeland,4/9/1968,female,parent,+4796931889,Havhagen 173,Kongsvinger,Kongsvinger,6364,NO,@0BusiaKenya,@0BusiaKenya
blake_isaksen@naver.com,Blake,A,Isaksen,7/24/1970,male,parent,+4796230967,Havbråten 177,Sogndal,Sogndal,5608,NO,@0BusiaKenya,@0BusiaKenya
casey_berg@qq.com,Casey,S,Berg,10/15/1972,male,parent,+4796938086,Havstien 7,Levanger,Levanger,4018,NO,@0BusiaKenya,@0BusiaKenya
emerson_ahmed@126.com,Emerson,E,Ahmed,5/21/1969,male,parent,+4796653651,Solgata 5,Tynset,Tynset,6025,NO,@0BusiaKenya,@0BusiaKenya
frankie_brekke@sina.com,Frankie,A,Brekke,3/10/1965,male,parent,+4796440488,Lundbakken 56,Gjøvik,Gjøvik,4180,NO,@0BusiaKenya,@0BusiaKenya
grayson_bakken@yeah.com,Grayson,A,Bakken,4/2/1974,male,parent,+4796514937,Lundveien 55,Alta,Alta,8758,NO,@0BusiaKenya,@0BusiaKenya
hadley_nakaweesi@daum.com,Hadley,D,Nakaweesi,5/11/1967,female,parent,+4796433792,Elvstien 111,Stjørdal,Stjørdal,1929,NO,@0BusiaKenya,@0BusiaKenya
indigo_muwanguzi@seznam.com,Indigo,D,Muwanguzi,12/8/1973,male,parent,+4796968837,Åshagen 74,Hønefoss,Hønefoss,2211,NO,@0BusiaKenya,@0BusiaKenya
jamie_nakalema@web.com,Jamie,M,Nakalema,9/11/1963,male,parent,+4796899976,Fjordbakken 140,Gjøvik,Gjøvik,4709,NO,@0BusiaKenya,@0BusiaKenya
kai_edvardsen@bluewin.com,Kai,I,Edvardsen,8/26/1970,male,parent,+4796910748,Dalgata 89,Alta,Alta,2421,NO,@0BusiaKenya,@0BusiaKenya
levi_pettersen@laposte.com,Levi,V,Pettersen,4/7/1966,female,parent,+4796768167,Dalhagen 157,Lillestrøm,Lillestrøm,4440,NO,@0BusiaKenya,@0BusiaKenya
nico_abrahamsen@wp.com,Nico,C,Abrahamsen,3/26/1963,male,parent,+4796279196,Skogenga 29,Arendal,Arendal,3307,NO,@0BusiaKenya,@0BusiaKenya
payton_sandvik@tiscali.com,Payton,Y,Sandvik,4/9/1967,male,parent,+4796263613,Fjordstien 38,Alta,Alta,4896,NO,@0BusiaKenya,@0BusiaKenya
reagan_ellingsen@virgilio.com,Reagan,A,Ellingsen,9/7/1971,female,parent,+4796357514,Vikbakken 162,Moelv,Moelv,5543,NO,@0BusiaKenya,@0BusiaKenya
skylar_hansen@alice.com,Skylar,Y,Hansen,12/29/1972,male,parent,+4796940197,Dalplassen 150,Lillestrøm,Lillestrøm,4757,NO,@0BusiaKenya,@0BusiaKenya
tristan_myhre@libero.com,Tristan,I,Myhre,4/1/1973,male,parent,+4796476115,Dalplassen 193,Moss,Moss,6578,NO,@0BusiaKenya,@0BusiaKenya
wyatt_fredriksen@tin.com,Wyatt,A,Fredriksen,7/24/1972,female,parent,+4796828940,Bergveien 6,Alta,Alta,2287,NO,@0BusiaKenya,@0BusiaKenya
zion_karlsen@ukr.com,Zion,O,Karlsen,11/8/1974,male,parent,+4796913934,Vikgata 159,Kirkenes,Kirkenes,1580,NO,@0BusiaKenya,@0BusiaKenya
ashley_thompson@rambler.com,Ashley,H,Thompson,7/23/1965,female,parent,+4796952564,Lundbråten 194,Kongsvinger,Kongsvinger,2085,NO,@0BusiaKenya,@0BusiaKenya
beau_jacobsen@centrum.com,Beau,A,Jacobsen,9/11/1963,male,parent,+4796162943,Elvhagen 99,Lillestrøm,Lillestrøm,4195,NO,@0BusiaKenya,@0BusiaKenya
charlie_brekke@onet.com,Charlie,A,Brekke,12/19/1970,female,parent,+4796751236,Åsveien 63,Alta,Alta,4380,NO,@0BusiaKenya,@0BusiaKenya
delaney_pedersen@orange.com,Delaney,L,Pedersen,6/28/1970,male,parent,+4796300849,Lundplassen 60,Gjøvik,Gjøvik,7318,NO,@0BusiaKenya,@0BusiaKenya
eden_jensen@wanadoo.com,Eden,E,Jensen,3/18/1966,female,parent,+4796103395,Fjordveien 190,Førde,Førde,5012,NO,@0BusiaKenya,@0BusiaKenya
flynn_andresen@terra.com,Flynn,Y,Andresen,9/9/1974,male,parent,+4796933358,Skoghagen 179,Moss,Moss,8578,NO,@0BusiaKenya,@0BusiaKenya
genevieve_eide@bol.com,Genevieve,N,Eide,10/5/1965,male,parent,+4796644583,Lundgata 46,Arendal,Arendal,4689,NO,@0BusiaKenya,@0BusiaKenya
hayden_kristoffersen@uol.com,Hayden,Y,Kristoffersen,12/7/1965,male,parent,+4796604276,Solbråten 125,Førde,Førde,2341,NO,@0BusiaKenya,@0BusiaKenya
ivy_knutsen@ig.com,Ivy,Y,Knutsen,10/2/1970,female,parent,+4796200849,Fjordbråten 11,Tynset,Tynset,4744,NO,@0BusiaKenya,@0BusiaKenya
jasper_arnesen@gawab.com,Jasper,S,Arnesen,9/16/1967,male,parent,+4796597133,Berggata 111,Stjørdal,Stjørdal,8432,NO,@0BusiaKenya,@0BusiaKenya
kieran_ali@bigpond.com,Kieran,E,Ali,5/19/1963,female,parent,+4796418264,Dalplassen 34,Stjørdal,Stjørdal,9761,NO,@0BusiaKenya,@0BusiaKenya
liam_pedersen@shaw.com,Liam,A,Pedersen,8/30/1970,male,parent,+4796551485,Fjordplassen 106,Kongsvinger,Kongsvinger,6300,NO,@0BusiaKenya,@0BusiaKenya
mackenzie_morison@rogers.com,Mackenzie,C,Morison,4/27/1968,female,parent,+4796611708,Åshagen 94,Moelv,Moelv,8752,NO,@0BusiaKenya,@0BusiaKenya
orion_okafor@xtra.com,Orion,I,Okafor,3/19/1972,male,parent,+4796123825,Elvbakken 63,Moelv,Moelv,5191,NO,@0BusiaKenya,@0BusiaKenya
paige_ruud@mailinator.com,Paige,I,Ruud,7/14/1972,female,parent,+4796444612,Solveien 186,Kirkenes,Kirkenes,8927,NO,@0BusiaKenya,@0BusiaKenya
rowan_lunde@airmail.com,Rowan,W,Lunde,8/25/1970,male,parent,+4796192367,Vikstien 117,Kirkenes,Kirkenes,8908,NO,@0BusiaKenya,@0BusiaKenya
sydney_olsen@safe-mail.com,Sydney,D,Olsen,8/11/1968,female,parent,+4796100176,Havenga 143,Alta,Alta,8913,NO,@0BusiaKenya,@0BusiaKenya
tatum_ahmed@usa.com,Tatum,T,Ahmed,3/20/1967,male,parent,+4796117628,Fjordstien 39,Alta,Alta,2305,NO,@0BusiaKenya,@0BusiaKenya
uriah_bakke@email.com,Uriah,I,Bakke,4/26/1967,female,parent,+4796530818,Dalveien 122,Kirkenes,Kirkenes,5933,NO,@0BusiaKenya,@0BusiaKenya
vera_abrahamsen@elude.com,Vera,R,Abrahamsen,4/5/1974,male,parent,+4796863533,Skogplassen 151,Lillestrøm,Lillestrøm,4684,NO,@0BusiaKenya,@0BusiaKenya
weston_narocho@vfemail.com,Weston,S,Narocho,10/29/1964,male,parent,+4796832501,Vikstien 53,Hønefoss,Hønefoss,1675,NO,@0BusiaKenya,@0BusiaKenya
xander_berg@bigfoot.com,Xander,N,Berg,4/11/1968,female,parent,+4796773253,Elvgata 167,Levanger,Levanger,1372,NO,@0BusiaKenya,@0BusiaKenya
yasmin_ojiambo@iname.com,Yasmin,S,Ojiambo,6/21/1963,male,parent,+4796307740,Solhagen 148,Moss,Moss,5351,NO,@0BusiaKenya,@0BusiaKenya
zoey_kubebea@netcourrier.com,Zoey,E,Kubebea,3/25/1966,female,parent,+4796879012,Åsbakken 143,Hønefoss,Hønefoss,6252,NO,@0BusiaKenya,@0BusiaKenya
brooke_schmidt@excite.com,Brooke,O,Schmidt,12/13/1974,female,parent,+4796772046,Vikbakken 17,Moelv,Moelv,8614,NO,@0BusiaKenya,@0BusiaKenya
corbin_dubois@care2.com,Corbin,R,Dubois,7/20/1974,male,parent,+4796995925,Åsenga 76,Førde,Førde,8934,NO,@0BusiaKenya,@0BusiaKenya
elias_janssen@btinternet.com,Elias,I,Janssen,9/27/1971,male,parent,+4796633306,Åsgata 162,Arendal,Arendal,9784,NO,@0BusiaKenya,@0BusiaKenya
felicity_martini@ntlworld.com,Felicity,L,Martini,11/14/1973,female,parent,+4796688758,Lundhagen 74,Kirkenes,Kirkenes,4603,NO,@0BusiaKenya,@0BusiaKenya
gideon_bernard@talktalk.com,Gideon,D,Bernard,8/3/1969,male,parent,+4796279806,Fjordhagen 112,Moelv,Moelv,8302,NO,@0BusiaKenya,@0BusiaKenya
harlow_nielsen@sky.com,Harlow,R,Nielsen,10/6/1973,female,parent,+4796773594,Fjordgata 197,Sogndal,Sogndal,8661,NO,@0BusiaKenya,@0BusiaKenya
isla_brown@bellsouth.com,Isla,L,Brown,11/6/1966,male,parent,+4796374418,Åsgata 156,Tynset,Tynset,4987,NO,@0BusiaKenya,@0BusiaKenya
jude_bauer@cox.com,Jude,D,Bauer,4/28/1972,female,parent,+4796835693,Skoggata 43,Sandvika,Sandvika,6646,NO,@0BusiaKenya,@0BusiaKenya
kelsey_salim@sbcglobal.com,Kelsey,L,Salim,11/25/1964,male,parent,+4796115778,Fjordhagen 180,Levanger,Levanger,8373,NO,@0BusiaKenya,@0BusiaKenya
kendall_andersen@parent.no,Kendall,N,Andersen,12/3/1965,male,parent,+4796147109,Bergveien 68,Moss,Moss,4264,NO,@0BusiaKenya,@0BusiaKenya
madison_andersen@parent.no,Madison,D,Andersen,6/3/1971,female,parent,+4796276089,Fjordbakken 89,Stjørdal,Stjørdal,7133,NO,@0BusiaKenya,@0BusiaKenya
noah_chen@parent.no,Noah,A,Chen,10/29/1963,male,parent,+4796130288,Solgata 129,Fauske,Fauske,4000,NO,@0BusiaKenya,@0BusiaKenya
bailey_chengo@parent.no,Bailey,I,Chengo,3/26/1971,female,parent,+4796961600,Vikgata 82,Kongsvinger,Kongsvinger,6064,NO,@0BusiaKenya,@0BusiaKenya
emerson_gupta@parent.no,Emerson,E,Gupta,6/25/1974,male,parent,+4796843476,Åsbråten 117,Jessheim,Jessheim,9422,NO,@0BusiaKenya,@0BusiaKenya
grayson_gupta@parent.no,Grayson,A,Gupta,10/23/1970,male,parent,+4796341152,Bergenga 100,Hønefoss,Hønefoss,5865,NO,@0BusiaKenya,@0BusiaKenya
indigo_gurung@parent.no,Indigo,D,Gurung,11/8/1970,male,parent,+4796756296,Solplassen 51,Moelv,Moelv,4164,NO,@0BusiaKenya,@0BusiaKenya
elliot_hansen@parent.no,Elliot,L,Hansen,7/21/1963,male,parent,+4796698994,Elvgata 77,Førde,Førde,8003,NO,@0BusiaKenya,@0BusiaKenya
dakota_huang@parent.no,Dakota,K,Huang,9/1/1971,male,parent,+4796838633,Havenga 90,Gjøvik,Gjøvik,4947,NO,@0BusiaKenya,@0BusiaKenya
morgan_iyer@parent.no,Morgan,R,Iyer,8/13/1972,female,parent,+4796174542,Solbråten 139,Sogndal,Sogndal,7046,NO,@0BusiaKenya,@0BusiaKenya
casey_kagwa@parent.no,Casey,S,Kagwa,9/23/1966,male,parent,+4796179168,Dalenga 87,Stjørdal,Stjørdal,9708,NO,@0BusiaKenya,@0BusiaKenya
levi_kagwa@parent.no,Levi,V,Kagwa,6/12/1971,male,parent,+4796902131,Havenga 130,Alta,Alta,3942,NO,@0BusiaKenya,@0BusiaKenya
hadley_kamau@parent.no,Hadley,D,Kamau,11/5/1965,female,parent,+4796130782,Åsenga 23,Moss,Moss,7200,NO,@0BusiaKenya,@0BusiaKenya
jordan_kariuki@parent.no,Jordan,R,Kariuki,4/23/1963,male,parent,+4796712053,Solveien 126,Lillestrøm,Lillestrøm,9547,NO,@0BusiaKenya,@0BusiaKenya
olivia_khadka@parent.no,Olivia,I,Khadka,9/6/1968,female,parent,+4796691996,Elvgata 83,Hønefoss,Hønefoss,4645,NO,@0BusiaKenya,@0BusiaKenya
harper_larsen@parent.no,Harper,R,Larsen,9/25/1966,female,parent,+4796105238,Skogplassen 191,Lillestrøm,Lillestrøm,2141,NO,@0BusiaKenya,@0BusiaKenya
logan_li@parent.no,Logan,G,Li,7/25/1971,male,parent,+4796315558,Havstien 139,Kongsvinger,Kongsvinger,5601,NO,@0BusiaKenya,@0BusiaKenya
quinn_liu@parent.no,Quinn,I,Liu,7/17/1972,female,parent,+4796155177,Lundstien 86,Gjøvik,Gjøvik,1236,NO,@0BusiaKenya,@0BusiaKenya
gabriel_musoke@parent.no,Gabriel,B,Musoke,8/15/1970,male,parent,+4796533632,Fjordhagen 36,Notodden,Notodden,2059,NO,@0BusiaKenya,@0BusiaKenya
riley_musoke@parent.no,Riley,L,Musoke,10/25/1974,female,parent,+4796827202,Elvgata 124,Tynset,Tynset,6075,NO,@0BusiaKenya,@0BusiaKenya
kai_mutua@parent.no,Kai,I,Mutua,4/9/1968,male,parent,+4796279098,Fjordbakken 176,Gjøvik,Gjøvik,7590,NO,@0BusiaKenya,@0BusiaKenya
nico_olsen@parent.no,Nico,C,Olsen,7/24/1970,male,parent,+4796271021,Lundhagen 173,Kongsvinger,Kongsvinger,9563,NO,@0BusiaKenya,@0BusiaKenya
cameron_olsend@parent.no,Cameron,M,Olsend,10/15/1972,male,parent,+4796777845,Åsplassen 30,Sandvika,Sandvika,6822,NO,@0BusiaKenya,@0BusiaKenya
blake_rana@parent.no,Blake,A,Rana,7/14/1964,male,parent,+4796771691,Dalbakken 32,Førde,Førde,5956,NO,@0BusiaKenya,@0BusiaKenya
taylor_rao@parent.no,Taylor,Y,Rao,5/21/1969,female,parent,+4796790574,Dalbakken 127,Lillestrøm,Lillestrøm,3285,NO,@0BusiaKenya,@0BusiaKenya
drew_sharma@parent.no,Drew,E,Sharma,3/10/1965,male,parent,+4796418194,Bergplassen 173,Arendal,Arendal,4375,NO,@0BusiaKenya,@0BusiaKenya
sawyer_ssenyonga@parent.no,Sawyer,W,Ssenyonga,4/2/1974,male,parent,+4796239378,Elvbråten 96,Jessheim,Jessheim,1360,NO,@0BusiaKenya,@0BusiaKenya
isaac_thapa@parent.no,Isaac,A,Thapa,5/11/1967,male,parent,+4796185476,Bergveien 91,Sogndal,Sogndal,1962,NO,@0BusiaKenya,@0BusiaKenya
parker_thapa@parent.no,Parker,R,Thapa,12/8/1973,male,parent,+4796846510,Lundbråten 52,Gjøvik,Gjøvik,4772,NO,@0BusiaKenya,@0BusiaKenya
oakley_thapa@parent.no,Oakley,K,Thapa,9/11/1963,male,parent,+4796720265,Havenga 117,Gjøvik,Gjøvik,7439,NO,@0BusiaKenya,@0BusiaKenya
finley_verma@parent.no,Finley,N,Verma,8/26/1970,male,parent,+4796416886,Vikstien 139,Notodden,Notodden,8653,NO,@0BusiaKenya,@0BusiaKenya
alex_wamalwa@parent.no,Alex,E,Wamalwa,4/7/1966,male,parent,+4796327118,Havplassen 44,Stjørdal,Stjørdal,3989,NO,@0BusiaKenya,@0BusiaKenya
avery_wang@parent.no,Avery,E,Wang,7/19/1969,male,parent,+4796661484,Åsstien 177,Sandvika,Sandvika,2997,NO,@0BusiaKenya,@0BusiaKenya
jamie_wanglee@parent.no,Jamie,M,Wanglee,3/26/1963,male,parent,+4796807142,Skogstien 188,Moelv,Moelv,7406,NO,@0BusiaKenya,@0BusiaKenya
frankie_yang@parent.no,Frankie,A,Yang,4/15/1973,female,parent,+4796242901,Vikplassen 149,Kongsvinger,Kongsvinger,1032,NO,@0BusiaKenya,@0BusiaKenya
adam.bakker@hotmail.com,Adam,A,Bakker,12/3/1965,male,parent,+4748185988,328 Pine Rd,Oslo,Skopje,31902,CH,@0BusiaKenya,@0BusiaKenya
adnan.novak@gmail.com,Adnan,N,Novak,6/3/1971,male,parent,+4748188648,731 Pine Rd,Budapest,Budapest,23276,ES,@0BusiaKenya,@0BusiaKenya
aino.lindberg@yahoo.com,Aino,N,Lindberg,10/29/1963,female,parent,+4748189326,217 Pine Rd,Reykjavik,Leinster,58367,ES,@0BusiaKenya,@0BusiaKenya
aleksandar.novak@example.com,Aleksandar,E,Novak,3/26/1971,male,parent,+4748188697,490 Oak Ave,Zurich,Oslo,60102,BA,@0BusiaKenya,@0BusiaKenya
alexandru.schneider@yahoo.com,Alexandru,E,Schneider,6/25/1974,male,parent,+4748188451,599 Maple Blvd,Madrid,Sarajevo,63534,RS,@0BusiaKenya,@0BusiaKenya
alina.novak@yahoo.com,Alina,I,Novak,10/23/1970,female,parent,+4748184570,169 Pine Rd,Amsterdam,Central Slovenia,25406,RS,@0BusiaKenya,@0BusiaKenya
amina.smits@example.com,Amina,I,Smits,11/8/1970,female,parent,+4748189403,Åsveien 143,Kirkenes,Kirkenes,8800,NO,@0BusiaKenya,@0BusiaKenya
ana.schneider@example.com,Ana,A,Schneider,7/21/1963,female,parent,+4748183596,167 Pine Rd,Amsterdam,Capital Region,63994,SK,@0BusiaKenya,@0BusiaKenya
anastasia.dimitrov@outlook.com,Anastasia,A,Dimitrov,9/1/1971,female,parent,+4748185976,844 Pine Rd,Paris,Masovian,41930,BA,@0BusiaKenya,@0BusiaKenya
anders.hansen@example.com,Anders,D,Hansen,8/13/1972,male,parent,+4748188079,54 Pine Rd,Prague,Central Slovenia,43996,RO,@0BusiaKenya,@0BusiaKenya
andrii.petrov@yahoo.com,Andrii,D,Petrov,9/23/1966,male,parent,+4748189359,845 Maple Blvd,Skopje,Bavaria,67872,DE,@0BusiaKenya,@0BusiaKenya
aneta.bakker@example.com,Aneta,E,Bakker,6/12/1971,female,parent,+4748184142,846 Main St,Paris,Bavaria,67066,IE,@0BusiaKenya,@0BusiaKenya
anna.popescu@outlook.com,Anna,N,Popescu,11/5/1965,female,parent,+4748189486,Elvbråten 124,Alta,Alta,3257,NO,@0BusiaKenya,@0BusiaKenya
anna.schneider@gmail.com,Anna,N,Schneider,4/23/1963,female,parent,+4748184206,746 Pine Rd,Belgrade,Sarajevo,11097,SE,@0BusiaKenya,@0BusiaKenya
sergiu.schneider@hotmail.com,Sergiu,R,Schneider,9/6/1968,male,parent,+4748186552,826 Oak Ave,Amsterdam,Oslo,80800,SI,@0BusiaKenya,@0BusiaKenya
sigr.kowalski@gmail.com,Sigr,G,Kowalski,9/25/1966,female,parent,+4748186153,76 Oak Ave,Madrid,Bucharest,87989,PL,@0BusiaKenya,@0BusiaKenya
annika.ivanov@gmail.com,Annika,N,Ivanov,7/25/1971,female,parent,+4748187249,280 Pine Rd,Budapest,Skopje,17585,BA,@0BusiaKenya,@0BusiaKenya
antti.ivanov@gmail.com,Antti,T,Ivanov,7/17/1972,male,parent,+4748183839,900 Maple Blvd,Sarajevo,Skopje,44136,CH,@0BusiaKenya,@0BusiaKenya
aoife.lindberg@gmail.com,Aoife,I,Lindberg,8/15/1970,female,parent,+4748189212,971 Oak Ave,Stockholm,Stockholm County,72284,PL,@0BusiaKenya,@0BusiaKenya
arben.schneider@gmail.com,Arben,B,Schneider,10/25/1974,male,parent,+4748184876,852 Pine Rd,Prague,Skopje,77057,IS,@0BusiaKenya,@0BusiaKenya
arjan.jensen@yahoo.com,Arjan,J,Jensen,4/9/1968,male,parent,+4748188755,520 Oak Ave,Bratislava,Tirana,53386,ES,@0BusiaKenya,@0BusiaKenya
arthur.andersen@outlook.com,Arthur,T,Andersen,7/24/1970,male,parent,+4748188280,Havgata 170,Arendal,Arendal,5531,NO,@0BusiaKenya,@0BusiaKenya
beatriz.andersen@example.com,Beatriz,A,Andersen,10/15/1972,female,parent,+4748186420,782 Maple Blvd,Budapest,Stockholm County,47795,CZ,@0BusiaKenya,@0BusiaKenya
bence.lindberg@outlook.com,Bence,N,Lindberg,5/21/1969,male,parent,+4748189177,Solstien 118,Levanger,Levanger,9965,NO,@0BusiaKenya,@0BusiaKenya
boban.dubois@example.com,Boban,B,Dubois,3/10/1965,male,parent,+4748189598,913 Oak Ave,Budapest,Bavaria,32584,IS,@0BusiaKenya,@0BusiaKenya
bram.jensen@yahoo.com,Bram,A,Jensen,4/2/1974,male,parent,+4748185109,50 Maple Blvd,Rome,North Holland,50328,IT,@0BusiaKenya,@0BusiaKenya
camilla.kowalski@outlook.com,Camilla,M,Kowalski,5/11/1967,female,parent,+4748185275,179 Main St,Skopje,Leinster,95832,ES,@0BusiaKenya,@0BusiaKenya
camille.bakker@gmail.com,Camille,M,Bakker,12/8/1973,female,parent,+4748189366,773 Main St,Tirana,Zurich,17281,DE,@0BusiaKenya,@0BusiaKenya
carlos.smits@yahoo.com,Carlos,R,Smits,9/11/1963,male,parent,+4748183610,616 Main St,Reykjavik,Stockholm County,55678,AL,@0BusiaKenya,@0BusiaKenya
carmen.smits@hotmail.com,Carmen,R,Smits,8/26/1970,female,parent,+4748186658,786 Pine Rd,Budapest,Tirana,47653,ES,@0BusiaKenya,@0BusiaKenya
cian.ivanov@yahoo.com,Cian,A,Ivanov,4/7/1966,male,parent,+4748189933,417 Maple Blvd,Budapest,Skopje,39010,IT,@0BusiaKenya,@0BusiaKenya
clara.andersen@gmail.com,Clara,A,Andersen,3/26/1963,female,parent,+4748187416,38 Maple Blvd,Stockholm,Sarajevo,34405,SI,@0BusiaKenya,@0BusiaKenya
dmitry.kowalski@gmail.com,Dmitry,I,Kowalski,4/9/1967,male,parent,+4748187267,97 Oak Ave,Dublin,Stockholm County,35337,SK,@0BusiaKenya,@0BusiaKenya
donika.ivanov@example.com,Donika,N,Ivanov,9/7/1971,female,parent,+4748186055,646 Maple Blvd,Amsterdam,Zurich,79051,RO,@0BusiaKenya,@0BusiaKenya
edgars.popescu@yahoo.com,Edgars,G,Popescu,12/29/1972,male,parent,+4748188279,357 Oak Ave,Bratislava,Madrid,92933,IS,@0BusiaKenya,@0BusiaKenya
ekaterina.bakker@yahoo.com,Ekaterina,A,Bakker,4/1/1973,female,parent,+4748189220,Lundstien 106,Fauske,Fauske,5483,NO,@0BusiaKenya,@0BusiaKenya
elena.lindberg@yahoo.com,Elena,E,Lindberg,11/8/1974,female,parent,+4748188592,926 Oak Ave,Prague,Oslo,71248,SK,@0BusiaKenya,@0BusiaKenya
eleni.kowalski@hotmail.com,Eleni,E,Kowalski,7/23/1965,female,parent,+4748188783,246 Oak Ave,Bucharest,Belgrade,84849,NL,@0BusiaKenya,@0BusiaKenya
sophie.petrov@hotmail.com,Sophie,P,Petrov,9/11/1963,female,parent,+4748187851,887 Oak Ave,Warsaw,Sarajevo,65691,NL,@0BusiaKenya,@0BusiaKenya
sophie.kowalski@example.com,Sophie,P,Kowalski,12/19/1970,female,parent,+4748185548,Elvplassen 127,Hønefoss,Hønefoss,7514,NO,@0BusiaKenya,@0BusiaKenya
sophie.johansson@example.com,Sophie,P,Johansson,6/28/1970,female,parent,+4748189435,996 Oak Ave,Reykjavik,Belgrade,13179,SE,@0BusiaKenya,@0BusiaKenya
stefan.ivanov@yahoo.com,Stefan,E,Ivanov,3/18/1966,male,parent,+4748186697,453 Oak Ave,Bratislava,Bucharest,69557,RS,@0BusiaKenya,@0BusiaKenya
stefan.jensen@gmail.com,Stefan,E,Jensen,9/9/1974,male,parent,+4748187149,496 Main St,Warsaw,Sarajevo,23487,HU,@0BusiaKenya,@0BusiaKenya
tanel.ivanov@outlook.com,Tanel,N,Ivanov,10/5/1965,male,parent,+4748186781,478 Pine Rd,Rome,Zurich,43532,SK,@0BusiaKenya,@0BusiaKenya
tereza.dubois@gmail.com,Tereza,R,Dubois,12/7/1965,female,parent,+4748183447,806 Oak Ave,Madrid,Leinster,61719,IE,@0BusiaKenya,@0BusiaKenya
elise.rossi@yahoo.com,Elise,I,Rossi,10/2/1970,female,parent,+4748183402,373 Main St,Oslo,Budapest,80534,SE,@0BusiaKenya,@0BusiaKenya
elza.petrov@outlook.com,Elza,Z,Petrov,9/16/1967,female,parent,+4748189818,853 Pine Rd,Bratislava,Belgrade,89794,DE,@0BusiaKenya,@0BusiaKenya
emir.novak@yahoo.com,Emir,I,Novak,5/19/1963,male,parent,+4748188795,161 Main St,Bucharest,Prague Region,20766,CZ,@0BusiaKenya,@0BusiaKenya
emma.schneider@hotmail.com,Emma,M,Schneider,8/30/1970,female,parent,+4748185251,779 Maple Blvd,Prague,Tirana,83423,MK,@0BusiaKenya,@0BusiaKenya
erik.petrov@gmail.com,Erik,I,Petrov,4/27/1968,male,parent,+4748189241,795 Oak Ave,Dublin,Bucharest,34453,AL,@0BusiaKenya,@0BusiaKenya
fabian.smits@example.com,Fabian,B,Smits,3/19/1972,male,parent,+4748187033,765 Maple Blvd,Tirana,Budapest,43276,IT,@0BusiaKenya,@0BusiaKenya
finn.ivanov@hotmail.com,Finn,N,Ivanov,7/14/1972,male,parent,+4748184578,539 Main St,Zurich,North Holland,58928,RO,@0BusiaKenya,@0BusiaKenya
florian.popescu@outlook.com,Florian,O,Popescu,8/25/1970,male,parent,+4748187480,764 Main St,Stockholm,Bavaria,44399,BA,@0BusiaKenya,@0BusiaKenya
gabriel.petrov@gmail.com,Gabriel,B,Petrov,3/20/1967,male,parent,+4748184416,111 Main St,Prague,Belgrade,33259,DE,@0BusiaKenya,@0BusiaKenya
xavier.andersen@outlook.com,Xavier,V,Andersen,4/26/1967,male,parent,+4748189946,488 Oak Ave,Bratislava,Tirana,37891,CH,@0BusiaKenya,@0BusiaKenya
georgi.andersen@outlook.com,Georgi,O,Andersen,4/5/1974,male,parent,+4748186146,671 Oak Ave,Madrid,Zurich,13433,DE,@0BusiaKenya,@0BusiaKenya
georgios.smits@example.com,Georgios,O,Smits,10/29/1964,male,parent,+4748185878,920 Main St,Oslo,Bucharest,69244,FR,@0BusiaKenya,@0BusiaKenya
giovanni.novak@example.com,Giovanni,O,Novak,4/11/1968,male,parent,+4748185749,237 Main St,Amsterdam,Sarajevo,42680,IT,@0BusiaKenya,@0BusiaKenya
giulia.lindberg@gmail.com,Giulia,U,Lindberg,6/21/1963,female,parent,+4748185846,512 Oak Ave,Amsterdam,Zurich,54355,IE,@0BusiaKenya,@0BusiaKenya
haris.johansson@yahoo.com,Haris,R,Johansson,3/25/1966,male,parent,+4748185039,684 Maple Blvd,Reykjavik,Masovian,84318,CZ,@0BusiaKenya,@0BusiaKenya
ieva.jensen@outlook.com,Ieva,V,Jensen,12/13/1974,female,parent,+4748184447,943 Oak Ave,Sarajevo,Capital Region,79750,ES,@0BusiaKenya,@0BusiaKenya
ilir.smits@outlook.com,Ilir,I,Smits,7/20/1974,male,parent,+4748186512,300 Maple Blvd,Prague,Masovian,66389,CH,@0BusiaKenya,@0BusiaKenya
ioana.jensen@yahoo.com,Ioana,A,Jensen,9/27/1971,female,parent,+4748187688,697 Main St,Paris,Bavaria,79638,IT,@0BusiaKenya,@0BusiaKenya
ion.jensen@outlook.com,Ion,N,Jensen,11/14/1973,male,parent,+4748189796,Åshagen 180,Levanger,Levanger,7896,NO,@0BusiaKenya,@0BusiaKenya
ivan.schneider@gmail.com,Ivan,A,Schneider,8/3/1969,male,parent,+4748184975,462 Oak Ave,Zurich,Central Slovenia,85219,RS,@0BusiaKenya,@0BusiaKenya
ivana.schneider@example.com,Ivana,A,Schneider,10/6/1973,female,parent,+4748189753,154 Main St,Bratislava,Leinster,44382,ES,@0BusiaKenya,@0BusiaKenya
ivana.kowalski@yahoo.com,Ivana,A,Kowalski,11/6/1966,female,parent,+4748188902,528 Oak Ave,Bucharest,North Holland,43904,NL,@0BusiaKenya,@0BusiaKenya
zuzana.johansson@yahoo.com,Zuzana,Z,Johansson,4/28/1972,female,parent,+4748188039,200 Oak Ave,Sarajevo,Madrid,60033,SK,@0BusiaKenya,@0BusiaKenya
jakub.hansen@hotmail.com,Jakub,K,Hansen,11/25/1964,male,parent,+4748183579,514 Oak Ave,Oslo,Oslo,89211,CH,@0BusiaKenya,@0BusiaKenya
jan.dimitrov@hotmail.com,Jan,N,Dimitrov,12/3/1965,male,parent,+4748183646,45 Main St,Ljubljana,Masovian,30242,IT,@0BusiaKenya,@0BusiaKenya
javier.jensen@outlook.com,Javier,V,Jensen,6/3/1971,male,parent,+4748185287,847 Main St,Ljubljana,North Holland,75992,RO,@0BusiaKenya,@0BusiaKenya
jelena.kowalski@example.com,Jelena,L,Kowalski,10/29/1963,female,parent,+4748186151,208 Maple Blvd,Dublin,Skopje,29915,SE,@0BusiaKenya,@0BusiaKenya
johan.rossi@gmail.com,Johan,H,Rossi,3/26/1971,male,parent,+4748183699,949 Main St,Reykjavik,Skopje,29932,BA,@0BusiaKenya,@0BusiaKenya
jonas.novak@hotmail.com,Jonas,N,Novak,6/25/1974,male,parent,+4748188304,630 Main St,Madrid,Prague Region,90808,NL,@0BusiaKenya,@0BusiaKenya
jordi.schneider@example.com,Jordi,R,Schneider,10/23/1970,male,parent,+4748189458,973 Maple Blvd,Tirana,Stockholm County,44578,SI,@0BusiaKenya,@0BusiaKenya
jovana.lindberg@gmail.com,Jovana,V,Lindberg,11/8/1970,female,parent,+4748185544,509 Oak Ave,Prague,Prague Region,54466,IS,@0BusiaKenya,@0BusiaKenya
julien.bakker@outlook.com,Julien,L,Bakker,7/21/1963,male,parent,+4748184109,147 Oak Ave,Prague,Central Slovenia,47107,SK,@0BusiaKenya,@0BusiaKenya
jussi.dimitrov@hotmail.com,Jussi,S,Dimitrov,9/1/1971,male,parent,+4748186877,508 Main St,Bratislava,Budapest,24820,PL,@0BusiaKenya,@0BusiaKenya
kacper.ivanov@hotmail.com,Kacper,C,Ivanov,8/13/1972,male,parent,+4748186143,244 Main St,Amsterdam,Sarajevo,26356,AL,@0BusiaKenya,@0BusiaKenya
thomas.andersen@yahoo.com,Thomas,O,Andersen,9/23/1966,male,parent,+4748188865,298 Main St,Skopje,Lazio,24545,IS,@0BusiaKenya,@0BusiaKenya
tobias.popescu@gmail.com,Tobias,B,Popescu,6/12/1971,male,parent,+4748185147,636 Main St,Stockholm,Sarajevo,36963,CZ,@0BusiaKenya,@0BusiaKenya
tom.popescu@outlook.com,Tom,M,Popescu,11/5/1965,male,parent,+4748185191,49 Oak Ave,Budapest,Skopje,38145,DE,@0BusiaKenya,@0BusiaKenya
kristijan.dubois@yahoo.com,Kristijan,I,Dubois,4/23/1963,male,parent,+4748189691,42 Oak Ave,Sarajevo,Bavaria,22528,CH,@0BusiaKenya,@0BusiaKenya
laia.popescu@gmail.com,Laia,I,Popescu,9/6/1968,female,parent,+4748188523,123 Main St,Sarajevo,Lazio,62747,SI,@0BusiaKenya,@0BusiaKenya
laima.andersen@yahoo.com,Laima,I,Andersen,9/25/1966,female,parent,+4748186675,207 Main St,Oslo,Leinster,36118,MK,@0BusiaKenya,@0BusiaKenya
lara.hansen@gmail.com,Lara,R,Hansen,7/25/1971,female,parent,+4748186369,Skoghagen 5,Fauske,Fauske,6699,NO,@0BusiaKenya,@0BusiaKenya
leon.smits@example.com,Leon,O,Smits,8/15/1970,male,parent,+4748185774,33 Oak Ave,Oslo,Bucharest,62888,FR,@0BusiaKenya,@0BusiaKenya
lili.johansson@gmail.com,Lili,L,Johansson,10/25/1974,female,parent,+4748186870,Elvgata 87,Moelv,Moelv,1781,NO,@0BusiaKenya,@0BusiaKenya
lirim.rossi@hotmail.com,Lirim,R,Rossi,4/9/1968,male,parent,+4748188374,979 Oak Ave,Amsterdam,Sarajevo,59996,SK,@0BusiaKenya,@0BusiaKenya
lotte.dimitrov@example.com,Lotte,T,Dimitrov,7/24/1970,female,parent,+4748188940,Solstien 200,Kongsvinger,Kongsvinger,9803,NO,@0BusiaKenya,@0BusiaKenya
luca.kowalski@hotmail.com,Luca,C,Kowalski,10/15/1972,male,parent,+4748188876,912 Oak Ave,Belgrade,Oslo,23463,NL,@0BusiaKenya,@0BusiaKenya
lucas.hansen@example.com,Lucas,C,Hansen,7/14/1964,male,parent,+4748189827,798 Pine Rd,Budapest,Central Slovenia,83757,NL,@0BusiaKenya,@0BusiaKenya
lucia.petrov@hotmail.com,Lucia,C,Petrov,5/21/1969,female,parent,+4748186378,695 Main St,Skopje,Tirana,57319,BA,@0BusiaKenya,@0BusiaKenya
vanessa.popescu@hotmail.com,Vanessa,N,Popescu,4/2/1974,female,parent,+4748186981,71 Oak Ave,Amsterdam,Zurich,12192,SE,@0BusiaKenya,@0BusiaKenya
vjollca.popescu@hotmail.com,Vjollca,O,Popescu,5/11/1967,female,parent,+4748183577,127 Main St,Berlin,Skopje,13928,IS,@0BusiaKenya,@0BusiaKenya
luka.bakker@yahoo.com,Luka,K,Bakker,12/8/1973,male,parent,+4748189382,116 Oak Ave,Warsaw,Belgrade,55297,NL,@0BusiaKenya,@0BusiaKenya
lukas.kowalski@gmail.com,Lukas,K,Kowalski,9/11/1963,male,parent,+4748185897,13 Oak Ave,Berlin,Tirana,25125,IS,@0BusiaKenya,@0BusiaKenya
maksym.andersen@outlook.com,Maksym,K,Andersen,8/26/1970,male,parent,+4748187785,911 Pine Rd,Tirana,Masovian,73326,AL,@0BusiaKenya,@0BusiaKenya
manon.ivanov@example.com,Manon,N,Ivanov,4/7/1966,female,parent,+4748187050,183 Pine Rd,Sarajevo,Lazio,44895,SK,@0BusiaKenya,@0BusiaKenya
marc.rossi@yahoo.com,Marc,R,Rossi,7/19/1969,male,parent,+4748188707,773 Maple Blvd,Sarajevo,Capital Region,93274,CZ,@0BusiaKenya,@0BusiaKenya
maria.jensen@hotmail.com,Maria,R,Jensen,3/26/1963,female,parent,+4748186498,933 Oak Ave,Bratislava,Belgrade,50132,FR,@0BusiaKenya,@0BusiaKenya
maria.andersen@hotmail.com,Maria,R,Andersen,4/15/1973,female,parent,+4748189466,448 Oak Ave,Madrid,Skopje,49733,HU,@0BusiaKenya,@0BusiaKenya
maria.popescu@hotmail.com,Maria,R,Popescu,12/3/1965,female,parent,+4748187356,758 Maple Blvd,Stockholm,Bratislava,92501,SE,@0BusiaKenya,@0BusiaKenya
marko.jensen@yahoo.com,Marko,R,Jensen,6/3/1971,male,parent,+4748185131,394 Maple Blvd,Oslo,Budapest,71869,RS,@0BusiaKenya,@0BusiaKenya
mart.rossi@outlook.com,Mart,R,Rossi,10/29/1963,male,parent,+4748184793,336 Pine Rd,Warsaw,Zurich,84955,SK,@0BusiaKenya,@0BusiaKenya
martin.novak@hotmail.com,Martin,R,Novak,3/26/1971,male,parent,+4748189408,819 Maple Blvd,Bucharest,Bratislava,98718,FR,@0BusiaKenya,@0BusiaKenya
matilde.ivanov@hotmail.com,Matilde,T,Ivanov,6/25/1974,female,parent,+4748186152,51 Pine Rd,Zurich,Zurich,53548,PL,@0BusiaKenya,@0BusiaKenya
max.jensen@example.com,Max,X,Jensen,10/23/1970,male,parent,+4748188024,585 Maple Blvd,Zurich,Bavaria,23194,CZ,@0BusiaKenya,@0BusiaKenya
maximilian.popescu@example.com,Maximilian,X,Popescu,11/8/1970,male,parent,+4748187778,361 Main St,Skopje,Stockholm County,32177,SE,@0BusiaKenya,@0BusiaKenya
mia.dubois@example.com,Mia,A,Dubois,7/21/1963,female,parent,+4748188346,243 Main St,Zurich,Zurich,96371,PL,@0BusiaKenya,@0BusiaKenya
milan.hansen@example.com,Milan,L,Hansen,6/12/1971,male,parent,+4748188497,931 Pine Rd,Bratislava,Skopje,78495,IT,@0BusiaKenya,@0BusiaKenya
milica.popescu@example.com,Milica,L,Popescu,11/5/1965,female,parent,+4748183509,Vikhagen 3,Kongsvinger,Kongsvinger,3165,NO,@0BusiaKenya,@0BusiaKenya
mireia.rossi@gmail.com,Mireia,R,Rossi,4/23/1963,female,parent,+4748188854,884 Maple Blvd,Zurich,Stockholm County,50646,IE,@0BusiaKenya,@0BusiaKenya
natalia.hansen@gmail.com,Natalia,T,Hansen,9/6/1968,female,parent,+4748189879,173 Maple Blvd,Sarajevo,Capital Region,37718,RO,@0BusiaKenya,@0BusiaKenya
natalia.schneider@gmail.com,Natalia,T,Schneider,9/25/1966,female,parent,+4748185111,Elvbakken 43,Hønefoss,Hønefoss,7551,NO,@0BusiaKenya,@0BusiaKenya
nemanja.lindberg@example.com,Nemanja,M,Lindberg,7/25/1971,male,parent,+4748184853,557 Oak Ave,Rome,Bucharest,62636,ES,@0BusiaKenya,@0BusiaKenya
nik.schneider@outlook.com,Nik,K,Schneider,7/17/1972,male,parent,+4748183782,171 Pine Rd,Warsaw,Prague Region,25850,BA,@0BusiaKenya,@0BusiaKenya
nika.andersen@gmail.com,Nika,K,Andersen,8/15/1970,female,parent,+4748183350,871 Main St,Zurich,Bavaria,10617,HU,@0BusiaKenya,@0BusiaKenya
nikola.kowalski@outlook.com,Nikola,K,Kowalski,10/25/1974,male,parent,+4748187132,167 Oak Ave,Belgrade,Stockholm County,38809,MK,@0BusiaKenya,@0BusiaKenya
noah.popescu@example.com,Noah,A,Popescu,4/9/1968,male,parent,+4748184572,652 Main St,Zurich,Bucharest,44530,IE,@0BusiaKenya,@0BusiaKenya
oleksandr.lindberg@gmail.com,Oleksandr,E,Lindberg,10/15/1972,male,parent,+4748187175,309 Maple Blvd,Madrid,Bratislava,23171,PL,@0BusiaKenya,@0BusiaKenya
ornela.petrov@gmail.com,Ornela,N,Petrov,5/21/1969,female,parent,+4748189502,492 Oak Ave,Paris,Budapest,59507,PL,@0BusiaKenya,@0BusiaKenya
paul.ivanov@gmail.com,Paul,U,Ivanov,3/10/1965,male,parent,+4748188578,293 Maple Blvd,Bucharest,Prague Region,69172,IS,@0BusiaKenya,@0BusiaKenya
peter.kowalski@yahoo.com,Peter,T,Kowalski,4/2/1974,male,parent,+4748183849,878 Oak Ave,Madrid,Oslo,23516,IS,@0BusiaKenya,@0BusiaKenya
pierre.dimitrov@hotmail.com,Pierre,E,Dimitrov,5/11/1967,male,parent,+4748184788,460 Pine Rd,Skopje,Skopje,88700,HU,@0BusiaKenya,@0BusiaKenya
piotr.kowalski@gmail.com,Piotr,O,Kowalski,12/8/1973,male,parent,+4748188424,191 Maple Blvd,Berlin,North Holland,27607,SI,@0BusiaKenya,@0BusiaKenya
saoirse.popescu@example.com,Saoirse,O,Popescu,9/11/1963,female,parent,+4748184189,943 Maple Blvd,Warsaw,North Holland,91451,SK,@0BusiaKenya,@0BusiaKenya
sean.dubois@gmail.com,Sean,A,Dubois,8/26/1970,male,parent,+4748188786,261 Main St,Warsaw,Prague Region,89157,CH,@0BusiaKenya,@0BusiaKenya
selina.ivanov@example.com,Selina,L,Ivanov,4/7/1966,female,parent,+4748183837,454 Pine Rd,Stockholm,North Holland,99115,CZ,@0BusiaKenya,@0BusiaKenya
sergey.hansen@yahoo.com,Sergey,R,Hansen,3/26/1963,male,parent,+4748186140,491 Oak Ave,Stockholm,Tirana,78266,MK,@0BusiaKenya,@0BusiaKenya
dennis_elvebu@norwailmail.no,Dennis,N,Elvebu,4/9/1967,male,parent,+4796691308,Havhagen 26,Notodden,Notodden,5815,NO,@0BusiaKenya,@0BusiaKenya
christina_binger@bivgs.no,Christina,R,Binger,11/7/2003,female,student,+4796820891,Solbakken 190,Stjørdal,Stjørdal,8089,NO,@0BusiaKenya,@0BusiaKenya
alex_walekhwa@bivgs.no,Alex,E,Walekhwa,2/2/2003,male,student,+4796448109,Dalstien 49,Tynset,Tynset,8576,NO,@0BusiaKenya,@0BusiaKenya
philip_leo@bivgs.no,Philip,I,Leo,6/20/2003,male,student,+4796648923,Fjordstien 150,Arendal,Arendal,3890,NO,@0BusiaKenya,@0BusiaKenya
shoni_hlongwane@bivgs.no,Shoni,O,Hlongwane,12/22/2003,female,student,+4796426503,Dalstien 153,Alta,Alta,2163,NO,@0BusiaKenya,@0BusiaKenya
maria_kedibone@bivgs.no,Maria,R,Kedibone,5/17/2003,female,student,+4796996185,Skoghagen 23,Sogndal,Sogndal,5367,NO,@0BusiaKenya,@0BusiaKenya
hannah_hansen@bivgs.no,Hannah,N,Hansen,1/26/2003,female,student,+4796980662,Solveien 46,Jessheim,Jessheim,7818,NO,@0BusiaKenya,@0BusiaKenya
ole_johansen@bivgs.no,Ole,E,Johansen,9/11/2003,male,student,+4796783863,Elvstien 154,Alta,Alta,3971,NO,@0BusiaKenya,@0BusiaKenya
lars_olsen@bivgs.no,Lars,R,Olsen,8/7/2003,male,student,+4796613876,Vikveien 148,Levanger,Levanger,5054,NO,@0BusiaKenya,@0BusiaKenya
sofie_jensen@bivgs.no,Sofie,F,Jensen,5/25/2003,female,student,+4796643797,Skoggata 7,Lillestrøm,Lillestrøm,5394,NO,@0BusiaKenya,@0BusiaKenya
emma_devries@bivgs.no,Emma,M,de Vries,1/10/2003,female,student,+4796324848,Elvbråten 131,Notodden,Notodden,3196,NO,@0BusiaKenya,@0BusiaKenya
solveig_eliassen@bivgs.no,Solveig,L,Eliassen,2/2/2003,female,student,+4796354999,Vikhagen 12,Arendal,Arendal,4681,NO,@0BusiaKenya,@0BusiaKenya
odd_knudsen@bivgs.no,Odd,D,Knudsen,4/15/2003,male,student,+4796201810,Dalbråten 70,Levanger,Levanger,8518,NO,@0BusiaKenya,@0BusiaKenya
grethe_myklebust@bivgs.no,Grethe,E,Myklebust,3/9/2003,female,student,+4796219850,Bergplassen 198,Kirkenes,Kirkenes,2435,NO,@0BusiaKenya,@0BusiaKenya
marco_rossi@bivgs.no,Marco,R,Rossi,3/10/2003,male,student,+4796754866,Lundbakken 105,Jessheim,Jessheim,3801,NO,@0BusiaKenya,@0BusiaKenya
ingrid_eide@bivgs.no,Ingrid,G,Eide,2/9/2003,female,student,+4796722981,Åsplassen 124,Narvik,Narvik,6548,NO,@0BusiaKenya,@0BusiaKenya
hanna_andresen@bivgs.no,Hanna,N,Andresen,1/27/2003,female,student,+4796944148,Åsstien 186,Stjørdal,Stjørdal,3076,NO,@0BusiaKenya,@0BusiaKenya
jorunn_eliassen@bivgs.no,Jorunn,R,Eliassen,4/18/2003,female,student,+4796555942,Berghagen 125,Alta,Alta,2977,NO,@0BusiaKenya,@0BusiaKenya
sebastian_kristiansen@bivgs.no,Sebastian,B,Kristiansen,6/21/2003,male,student,+4796543745,Vikbråten 136,Jessheim,Jessheim,8096,NO,@0BusiaKenya,@0BusiaKenya
camilla_mikkelsen@bivgs.no,Camilla,M,Mikkelsen,4/23/2003,female,student,+4796365042,Fjordbakken 105,Narvik,Narvik,4152,NO,@0BusiaKenya,@0BusiaKenya
prof_birkeland@bivgs.no,Prof,O,Birkeland,8/12/2003,male,student,+4796785914,Elvbråten 116,Alta,Alta,4411,NO,@0BusiaKenya,@0BusiaKenya
hanna_isaksen@bivgs.no,Hanna,N,Isaksen,1/10/2003,female,student,+4796795241,Skoghagen 192,Stjørdal,Stjørdal,1124,NO,@0BusiaKenya,@0BusiaKenya
kristine_berg@bivgs.no,Kristine,I,Berg,10/6/2003,female,student,+4796821595,Fjordveien 69,Lillestrøm,Lillestrøm,9711,NO,@0BusiaKenya,@0BusiaKenya
odd_ahmed@bivgs.no,Odd,D,Ahmed,5/1/2003,male,student,+4796665048,Dalveien 149,Fauske,Fauske,3905,NO,@0BusiaKenya,@0BusiaKenya
gunnar_brekke@bivgs.no,Gunnar,N,Brekke,10/12/2003,male,student,+4796681795,Vikenga 43,Fauske,Fauske,5678,NO,@0BusiaKenya,@0BusiaKenya
gerd_bakken@bivgs.no,Gerd,R,Bakken,10/26/2003,female,student,+4796948073,Havveien 5,Moelv,Moelv,3320,NO,@0BusiaKenya,@0BusiaKenya
aisha_nakaweesi@bivgs.no,Aisha,S,Nakaweesi,3/26/2003,female,student,+4796321554,Åsveien 117,Sandvika,Sandvika,3780,NO,@0BusiaKenya,@0BusiaKenya
kato_muwanguzi@bivgs.no,Kato,T,Muwanguzi,5/12/2003,male,student,+4796321079,Lundveien 113,Lillestrøm,Lillestrøm,6256,NO,@0BusiaKenya,@0BusiaKenya
nansubuga_nakalema@bivgs.no,Nansubuga,N,Nakalema,1/25/2003,female,student,+4796900452,Havbakken 160,Narvik,Narvik,2067,NO,@0BusiaKenya,@0BusiaKenya
joakim_edvardsen@bivgs.no,Joakim,A,Edvardsen,2/11/2003,male,student,+4796433545,Vikbakken 101,Levanger,Levanger,8347,NO,@0BusiaKenya,@0BusiaKenya
don_pettersen@bivgs.no,Don,N,Pettersen,6/3/2003,male,student,+4796388987,Lundveien 174,Arendal,Arendal,6729,NO,@0BusiaKenya,@0BusiaKenya
frank_abrahamsen@bivgs.no,Frank,A,Abrahamsen,3/27/2003,male,student,+4796275941,Fjordgata 65,Arendal,Arendal,3272,NO,@0BusiaKenya,@0BusiaKenya
thor_sandvik@bivgs.no,Thor,O,Sandvik,12/21/2003,male,student,+4796736394,Bergbråten 49,Moelv,Moelv,5978,NO,@0BusiaKenya,@0BusiaKenya
petter_ellingsen@bivgs.no,Petter,T,Ellingsen,1/21/2003,male,student,+4796390612,Lundstien 91,Alta,Alta,7053,NO,@0BusiaKenya,@0BusiaKenya
sindre_hansen@bivgs.no,Sindre,N,Hansen,10/12/2003,male,student,+4796651854,Lundbakken 98,Hønefoss,Hønefoss,2416,NO,@0BusiaKenya,@0BusiaKenya
simen_myhre@bivgs.no,Simen,M,Myhre,9/1/2003,female,student,+4796676950,Åsgata 10,Førde,Førde,7785,NO,@0BusiaKenya,@0BusiaKenya
trond_karlsen@bivgs.no,Trond,O,Karlsen,7/7/2003,female,student,+4796993882,Elvbråten 125,Hønefoss,Hønefoss,8269,NO,@0BusiaKenya,@0BusiaKenya
emily_thompson@bivgs.no,Emily,I,Thompson,9/25/2003,female,student,+4796186164,Vikhagen 176,Sogndal,Sogndal,9841,NO,@0BusiaKenya,@0BusiaKenya
unni_jacobsen@bivgs.no,Unni,N,Jacobsen,8/14/2003,female,student,+4796264020,Åsbråten 190,Moelv,Moelv,6859,NO,@0BusiaKenya,@0BusiaKenya
grethe_brekke@bivgs.no,Grethe,E,Brekke,1/18/2003,female,student,+4796994513,Vikenga 58,Gjøvik,Gjøvik,1269,NO,@0BusiaKenya,@0BusiaKenya
ruth_pedersen@bivgs.no,Ruth,T,Pedersen,11/10/2003,female,student,+4796378691,Elvgata 16,Sogndal,Sogndal,6398,NO,@0BusiaKenya,@0BusiaKenya
inger_jensen@bivgs.no,Inger,G,Jensen,10/15/2003,male,student,+4796362005,Lundbakken 173,Levanger,Levanger,5002,NO,@0BusiaKenya,@0BusiaKenya
peninah_andresen@bivgs.no,Peninah,N,Andresen,5/25/2003,female,student,+4796459650,Fjordplassen 103,Gjøvik,Gjøvik,6758,NO,@0BusiaKenya,@0BusiaKenya
berit_eide@bivgs.no,Berit,R,Eide,6/11/2003,female,student,+4796699780,Dalstien 141,Gjøvik,Gjøvik,4761,NO,@0BusiaKenya,@0BusiaKenya
jenny_kristoffersen@bivgs.no,Jenny,N,Kristoffersen,5/20/2003,female,student,+4796189863,Skogstien 129,Hønefoss,Hønefoss,7766,NO,@0BusiaKenya,@0BusiaKenya
thea_knutsen@bivgs.no,Thea,E,Knutsen,2/3/2003,male,student,+4796822105,Dalenga 150,Gjøvik,Gjøvik,9072,NO,@0BusiaKenya,@0BusiaKenya
dag_arnesen@bivgs.no,Dag,G,Arnesen,3/3/2003,male,student,+4796161410,Fjordhagen 66,Levanger,Levanger,9019,NO,@0BusiaKenya,@0BusiaKenya
mwanaidi_ali@bivgs.no,Mwanaidi,A,Ali,5/19/2003,female,student,+4796306758,Skogveien 184,Sogndal,Sogndal,2215,NO,@0BusiaKenya,@0BusiaKenya
chinedu_morison@bivgs.no,Chinedu,I,Morison,5/13/2003,male,student,+4796779421,Havbråten 110,Lillestrøm,Lillestrøm,6356,NO,@0BusiaKenya,@0BusiaKenya
chinedu_okafor@bivgs.no,Chinedu,I,Okafor,7/6/2003,male,student,+4796901332,Elvgata 85,Sogndal,Sogndal,6297,NO,@0BusiaKenya,@0BusiaKenya
marianne_ruud@bivgs.no,Marianne,R,Ruud,8/19/2003,male,student,+4796500231,Fjordplassen 98,Gjøvik,Gjøvik,4631,NO,@0BusiaKenya,@0BusiaKenya
jens_lunde@bivgs.no,Jens,N,Lunde,2/11/2003,male,student,+4796347126,Solbakken 143,Kirkenes,Kirkenes,3013,NO,@0BusiaKenya,@0BusiaKenya
morten_olsen@bivgs.no,Morten,R,Olsen,8/24/2003,female,student,+4796674234,Bergplassen 81,Sandvika,Sandvika,4968,NO,@0BusiaKenya,@0BusiaKenya
karoline_ahmed@bivgs.no,Karoline,R,Ahmed,4/9/2003,female,student,+4796133973,Dalbråten 106,Kongsvinger,Kongsvinger,8573,NO,@0BusiaKenya,@0BusiaKenya
ola_bakke@bivgs.no,Ola,A,Bakke,1/12/2003,female,student,+4796381209,Bergstien 55,Alta,Alta,6771,NO,@0BusiaKenya,@0BusiaKenya
tore_abrahamsen@bivgs.no,Tore,R,Abrahamsen,10/23/2003,female,student,+4796633656,Bergenga 172,Kirkenes,Kirkenes,6998,NO,@0BusiaKenya,@0BusiaKenya
caroline_narocho@bivgs.no,Caroline,R,Narocho,3/8/2003,female,student,+4796245956,Skogenga 7,Fauske,Fauske,6891,NO,@0BusiaKenya,@0BusiaKenya
silvia_berg@bivgs.no,Silvia,L,Berg,9/8/2003,female,student,+4796864903,Åsstien 14,Tynset,Tynset,9238,NO,@0BusiaKenya,@0BusiaKenya
valentino_ojiambo@bivgs.no,Valentino,L,Ojiambo,4/4/2003,male,student,+4796815403,Skogveien 197,Moelv,Moelv,2820,NO,@0BusiaKenya,@0BusiaKenya
peter_kubebea@bivgs.no,Peter,T,Kubebea,9/4/2003,male,student,+4796284398,Elvenga 108,Tynset,Tynset,4155,NO,@0BusiaKenya,@0BusiaKenya
lucas_schmidt@bivgs.no,Lucas,C,Schmidt,6/26/2003,male,student,+4796665133,Fjordenga 166,Moelv,Moelv,6508,NO,@0BusiaKenya,@0BusiaKenya
marie_dubois@bivgs.no,Marie,R,Dubois,7/16/2003,female,student,+4796161756,Elvgata 17,Jessheim,Jessheim,9465,NO,@0BusiaKenya,@0BusiaKenya
emma_janssen@bivgs.no,Emma,M,Janssen,11/12/2003,female,student,+4796953142,Havgata 173,Lillestrøm,Lillestrøm,5339,NO,@0BusiaKenya,@0BusiaKenya
maximilan_martini@bivgs.no,Maximilan,X,Martini,4/16/2003,male,student,+4796160942,Vikgata 15,Narvik,Narvik,6558,NO,@0BusiaKenya,@0BusiaKenya
clara_bernard@bivgs.no,Clara,A,Bernard,8/18/2003,female,student,+4796479389,Åsplassen 60,Moelv,Moelv,6237,NO,@0BusiaKenya,@0BusiaKenya
julian_nielsen@bivgs.no,Julian,L,Nielsen,3/5/2003,male,student,+4796794121,Fjordgata 192,Lillestrøm,Lillestrøm,6855,NO,@0BusiaKenya,@0BusiaKenya
sophie_brown@bivgs.no,Sophie,P,Brown,8/19/2003,female,student,+4796471158,Solveien 62,Narvik,Narvik,6460,NO,@0BusiaKenya,@0BusiaKenya
leon_bauer@bivgs.no,Leon,O,Bauer,8/23/2003,male,student,+4796318271,Fjordbakken 40,Alta,Alta,8952,NO,@0BusiaKenya,@0BusiaKenya
mohammed_salim@bivgs.no,Mohammed,H,Salim,9/16/2003,male,student,+4796938768,Bergbråten 141,Levanger,Levanger,2777,NO,@0BusiaKenya,@0BusiaKenya
bikash_wamalwa@bivgs.no,Bikash,K,Wamalwa,7/26/2004,female,student,+4796105330,Bergenga 152,Moss,Moss,1397,NO,@0BusiaKenya,@0BusiaKenya
xiao_chengo@bivgs.no,Xiao,A,Chengo,5/26/2004,male,student,+4796398374,Elvhagen 1,Moelv,Moelv,2152,NO,@0BusiaKenya,@0BusiaKenya
ole_olsen@bivgs.no,Ole,E,Olsend,5/18/2004,male,student,+4796311515,Åshagen 37,Tynset,Tynset,2900,NO,@0BusiaKenya,@0BusiaKenya
mei_huang@bivgs.no,Mei,I,Huang,10/15/2004,male,student,+4796131366,Fjordbakken 193,Narvik,Narvik,7052,NO,@0BusiaKenya,@0BusiaKenya
ingrid_hansen@bivgs.no,Ingrid,G,Hansen,10/10/2004,male,student,+4796713137,Dalbakken 198,Arendal,Arendal,8851,NO,@0BusiaKenya,@0BusiaKenya
anita_verma@bivgs.no,Anita,I,Verma,3/7/2004,female,student,+4796765407,Berghagen 23,Levanger,Levanger,6030,NO,@0BusiaKenya,@0BusiaKenya
joseph_musoke@bivgs.no,Joseph,S,Musoke,1/28/2004,male,student,+4796773015,Dalenga 196,Gjøvik,Gjøvik,5865,NO,@0BusiaKenya,@0BusiaKenya
hannah_larsen@bivgs.no,Hannah,N,Larsen,2/18/2004,male,student,+4796287215,Vikgata 149,Moss,Moss,6772,NO,@0BusiaKenya,@0BusiaKenya
ram_thapa@bivgs.no,Ram,M,Thapa,6/27/2004,female,student,+4796382513,Vikbråten 11,Hønefoss,Hønefoss,4415,NO,@0BusiaKenya,@0BusiaKenya
mwangi_kariuki@bivgs.no,Mwangi,A,Kariuki,9/3/2004,female,student,+4796266338,Dalveien 54,Sogndal,Sogndal,6170,NO,@0BusiaKenya,@0BusiaKenya
ole_andersen@bivgs.no,Ole,E,Andersen,4/12/2004,female,student,+4796193621,Dalveien 34,Gjøvik,Gjøvik,1346,NO,@0BusiaKenya,@0BusiaKenya
mei_li@bivgs.no,Mei,I,Li,5/19/2004,female,student,+4796482763,Skogenga 26,Fauske,Fauske,8481,NO,@0BusiaKenya,@0BusiaKenya
raj_iyer@bivgs.no,Raj,J,Iyer,10/3/2004,male,student,+4796516009,Bergbråten 71,Alta,Alta,1191,NO,@0BusiaKenya,@0BusiaKenya
feng_chen@bivgs.no,Feng,N,Chen,9/4/2004,male,student,+4796608869,Skogstien 189,Lillestrøm,Lillestrøm,3340,NO,@0BusiaKenya,@0BusiaKenya
pooja_khadka@bivgs.no,Pooja,O,Khadka,5/13/2004,female,student,+4796515482,Fjordplassen 108,Lillestrøm,Lillestrøm,5633,NO,@0BusiaKenya,@0BusiaKenya
pooja_thapa@bivgs.no,Pooja,O,Thapa,3/10/2004,female,student,+4796303658,Lundenga 105,Hønefoss,Hønefoss,4210,NO,@0BusiaKenya,@0BusiaKenya
xiao_liu@bivgs.no,Xiao,A,Liu,6/22/2004,male,student,+4796523935,Fjordveien 126,Hønefoss,Hønefoss,1472,NO,@0BusiaKenya,@0BusiaKenya
achan_musoke@bivgs.no,Achan,H,Musoke,5/8/2004,female,student,+4796467717,Lundgata 150,Hønefoss,Hønefoss,3174,NO,@0BusiaKenya,@0BusiaKenya
achan_ssenyonga@bivgs.no,Achan,H,Ssenyonga,1/17/2004,female,student,+4796578653,Lundenga 186,Kongsvinger,Kongsvinger,9785,NO,@0BusiaKenya,@0BusiaKenya
kavita_rao@bivgs.no,Kavita,V,Rao,8/18/2004,male,student,+4796815551,Skoggata 79,Moelv,Moelv,3090,NO,@0BusiaKenya,@0BusiaKenya
xiao_wang@bivgs.no,Xiao,A,Wang,9/12/2004,female,student,+4796732705,Dalstien 190,Gjøvik,Gjøvik,1397,NO,@0BusiaKenya,@0BusiaKenya
ram_rana@bivgs.no,Ram,M,Rana,6/23/2004,male,student,+4796389190,Solstien 15,Tynset,Tynset,5169,NO,@0BusiaKenya,@0BusiaKenya
kintu_kagwa@bivgs.no,Kintu,N,Kagwa,8/14/2004,female,student,+4796455625,Dalveien 44,Tynset,Tynset,5685,NO,@0BusiaKenya,@0BusiaKenya
kavita_sharma@bivgs.no,Kavita,V,Sharma,4/14/2004,male,student,+4796203432,Lundveien 175,Arendal,Arendal,3755,NO,@0BusiaKenya,@0BusiaKenya
anita_gupta@bivgs.no,Anita,I,Gupta,1/8/2004,female,student,+4796664161,Vikplassen 190,Moelv,Moelv,1344,NO,@0BusiaKenya,@0BusiaKenya
jian_yang@bivgs.no,Jian,A,Yang,5/6/2004,female,student,+4796794306,Lundveien 181,Tynset,Tynset,1974,NO,@0BusiaKenya,@0BusiaKenya
amit_gupta@bivgs.no,Amit,I,Gupta,12/16/2004,male,student,+4796102928,Havbråten 57,Alta,Alta,1326,NO,@0BusiaKenya,@0BusiaKenya
mwangi_kamaui@bivgs.no,Mwangi,A,Kamau,8/24/2004,female,student,+4796354310,Dalplassen 107,Alta,Alta,9845,NO,@0BusiaKenya,@0BusiaKenya
bikash_gurung@bivgs.no,Bikash,K,Gurung,12/25/2004,female,student,+4796683270,Skogplassen 26,Alta,Alta,4891,NO,@0BusiaKenya,@0BusiaKenya
xiao_wanglee@bivgs.no,Xiao,A,Wanglee,7/4/2004,female,student,+4796116860,Elvbakken 182,Fauske,Fauske,8801,NO,@0BusiaKenya,@0BusiaKenya
john_mutua@bivgs.no,John,H,Mutua,12/3/2004,female,student,+4796375476,Solstien 48,Førde,Førde,5092,NO,@0BusiaKenya,@0BusiaKenya
joseph_kagwa@bivgs.no,Joseph,S,Kagwa,6/28/2004,male,student,+4796446247,Solbakken 28,Notodden,Notodden,6380,NO,@0BusiaKenya,@0BusiaKenya
hannah_andersen@bivgs.no,Hannah,N,Andersen,7/10/2004,male,student,+4796893534,Bergveien 85,Kongsvinger,Kongsvinger,5679,NO,@0BusiaKenya,@0BusiaKenya
hannah_olsen@bivgs.no,Hannah,N,Olsen,5/2/2004,male,student,+4796919309,Elvstien 117,Førde,Førde,7586,NO,@0BusiaKenya,@0BusiaKenya
krishna_thapa@bivgs.no,Krishna,I,Thapa,1/23/2004,male,student,+4796463278,Elvbråten 24,Fauske,Fauske,5598,NO,@0BusiaKenya,@0BusiaKenya
james_bakker@bivgs.com,James,M,Bakker,1/22/2005,male,student,+4748187646,Fjordstien 73,Alta,Alta,1516,NO,@0BusiaKenya,@0BusiaKenya
mary_novak@bivgs.com,Mary,R,Novak,5/13/2005,female,student,+4748186878,Bergplassen 113,Hønefoss,Hønefoss,7420,NO,@0BusiaKenya,@0BusiaKenya
john_lindberg@bivgs.com,John,H,Lindberg,12/17/2005,male,student,+4748186301,Fjordstien 119,Sandvika,Sandvika,9768,NO,@0BusiaKenya,@0BusiaKenya
patricia_novak@bivgs.com,Patricia,T,Novak,12/23/2005,female,student,+4748187627,Elvbakken 187,Moss,Moss,4105,NO,@0BusiaKenya,@0BusiaKenya
jennifer_schneider@bivgs.com,Jennifer,N,Schneider,11/10/2005,female,student,+4748185516,Åsveien 165,Stjørdal,Stjørdal,1820,NO,@0BusiaKenya,@0BusiaKenya
michael_novak@bivgs.com,Michael,C,Novak,11/11/2005,male,student,+4748183950,Lundplassen 21,Levanger,Levanger,4962,NO,@0BusiaKenya,@0BusiaKenya
linda_smits@bivgs.com,Linda,N,Smits,12/15/2005,female,student,+4748186250,Elvstien 57,Levanger,Levanger,8467,NO,@0BusiaKenya,@0BusiaKenya
william_schneider@bivgs.com,William,L,Schneider,7/4/2005,male,student,+4748187380,Dalbakken 58,Stjørdal,Stjørdal,8041,NO,@0BusiaKenya,@0BusiaKenya
elizabeth_dimitrov@bivgs.com,Elizabeth,I,Dimitrov,5/20/2005,female,student,+4748185159,Havhagen 186,Stjørdal,Stjørdal,1274,NO,@0BusiaKenya,@0BusiaKenya
david_hansen@bivgs.com,David,V,Hansen,12/20/2005,male,student,+4748189934,Skogbakken 98,Narvik,Narvik,4791,NO,@0BusiaKenya,@0BusiaKenya
richard_petrov@bivgs.com,Richard,C,Petrov,4/24/2005,male,student,+4748187739,Solgata 60,Sandvika,Sandvika,2213,NO,@0BusiaKenya,@0BusiaKenya
susan_bakker@bivgs.com,Susan,S,Bakker,5/18/2005,female,student,+4748188308,Havstien 124,Stjørdal,Stjørdal,4348,NO,@0BusiaKenya,@0BusiaKenya
joseph_popescu@bivgs.com,Joseph,S,Popescu,2/21/2005,male,student,+4748189487,Berghagen 15,Tynset,Tynset,7738,NO,@0BusiaKenya,@0BusiaKenya
jessica_schneider@bivgs.com,Jessica,S,Schneider,9/12/2005,female,student,+4748184798,Bergveien 64,Sandvika,Sandvika,2501,NO,@0BusiaKenya,@0BusiaKenya
thomas_schneider@bivgs.com,Thomas,O,Schneider,6/14/2005,male,student,+4748188809,Bergenga 188,Notodden,Notodden,2305,NO,@0BusiaKenya,@0BusiaKenya
sarah_kowalski@bivgs.com,Sarah,R,Kowalski,1/5/2005,female,student,+4748187581,Vikenga 44,Moelv,Moelv,7821,NO,@0BusiaKenya,@0BusiaKenya
charles_ivanov@bivgs.com,Charles,A,Ivanov,12/4/2006,male,student,+4748188516,Berggata 112,Sandvika,Sandvika,2443,NO,@0BusiaKenya,@0BusiaKenya
karen_ivanov@bivgs.com,Karen,R,Ivanov,2/24/2006,female,student,+4748189483,Fjordstien 182,Moss,Moss,7830,NO,@0BusiaKenya,@0BusiaKenya
christopher_lindberg@bivgs.com,Christopher,R,Lindberg,10/27/2006,male,student,+4748183771,Vikveien 10,Narvik,Narvik,3376,NO,@0BusiaKenya,@0BusiaKenya
nancy_schneider@bivgs.com,Nancy,N,Schneider,12/14/2006,female,student,+4748187973,Dalgata 91,Sandvika,Sandvika,4868,NO,@0BusiaKenya,@0BusiaKenya
daniel_jensen@bivgs.com,Daniel,N,Jensen,7/24/2006,male,student,+4748186203,Bergveien 128,Kirkenes,Kirkenes,8956,NO,@0BusiaKenya,@0BusiaKenya
matthew_andersen@bivgs.com,Matthew,T,Andersen,2/28/2006,male,student,+4748184674,Dalplassen 109,Jessheim,Jessheim,8385,NO,@0BusiaKenya,@0BusiaKenya
betty_andersen@bivgs.com,Betty,T,Andersen,7/25/2006,female,student,+4748188872,Lundbråten 149,Levanger,Levanger,2072,NO,@0BusiaKenya,@0BusiaKenya
anthony_lindberg@bivgs.com,Anthony,T,Lindberg,5/9/2006,male,student,+4748183545,Havhagen 121,Sandvika,Sandvika,8397,NO,@0BusiaKenya,@0BusiaKenya
mark_dubois@bivgs.com,Mark,R,Dubois,6/16/2006,male,student,+4748186209,Skogbråten 185,Notodden,Notodden,2075,NO,@0BusiaKenya,@0BusiaKenya
sandra_jensen@bivgs.com,Sandra,N,Jensen,4/18/2006,female,student,+4748188784,Åsplassen 6,Notodden,Notodden,8743,NO,@0BusiaKenya,@0BusiaKenya
donald_kowalski@bivgs.com,Donald,N,Kowalski,10/4/2006,male,student,+4748188109,Lundenga 184,Hønefoss,Hønefoss,8568,NO,@0BusiaKenya,@0BusiaKenya
ashley_bakker@bivgs.com,Ashley,H,Bakker,7/9/2006,female,student,+4748188131,Solhagen 153,Fauske,Fauske,9868,NO,@0BusiaKenya,@0BusiaKenya
steven_smits@bivgs.com,Steven,E,Smits,11/1/2006,male,student,+4748189728,Lundbråten 41,Stjørdal,Stjørdal,2118,NO,@0BusiaKenya,@0BusiaKenya
kimberly_smits@bivgs.com,Kimberly,M,Smits,4/25/2006,female,student,+4748186945,Åsbråten 188,Tynset,Tynset,8487,NO,@0BusiaKenya,@0BusiaKenya
donna_ivanov@bivgs.com,Donna,N,Ivanov,8/24/2007,female,student,+4748184592,Vikveien 176,Alta,Alta,9857,NO,@0BusiaKenya,@0BusiaKenya
joshua_andersen@bivgs.com,Joshua,S,Andersen,3/16/2007,male,student,+4748183734,Dalbråten 105,Moss,Moss,4723,NO,@0BusiaKenya,@0BusiaKenya
michelle_bakker@bivgs.com,Michelle,C,Bakker,10/27/2007,female,student,+4748183971,Berghagen 105,Narvik,Narvik,4560,NO,@0BusiaKenya,@0BusiaKenya
melissa_ivanov@bivgs.com,Melissa,L,Ivanov,9/6/2007,female,student,+4748187064,Skogplassen 164,Tynset,Tynset,1756,NO,@0BusiaKenya,@0BusiaKenya
george_popescu@bivgs.com,George,O,Popescu,8/25/2007,male,student,+4748187501,Åshagen 111,Notodden,Notodden,7144,NO,@0BusiaKenya,@0BusiaKenya
deborah_bakker@bivgs.com,Deborah,B,Bakker,8/13/2007,female,student,+4748189134,Bergbråten 26,Førde,Førde,9705,NO,@0BusiaKenya,@0BusiaKenya
edward_dimitrov@bivgs.com,Edward,W,Dimitrov,11/13/2007,male,student,+4748187255,Fjordbakken 137,Sogndal,Sogndal,4244,NO,@0BusiaKenya,@0BusiaKenya
stephanie_lindberg@bivgs.com,Stephanie,E,Lindberg,2/7/2007,female,student,+4748185341,Skoggata 112,Fauske,Fauske,4841,NO,@0BusiaKenya,@0BusiaKenya
ronald_kowalski@bivgs.com,Ronald,N,Kowalski,11/20/2007,male,student,+4748189295,Elvgata 105,Tynset,Tynset,8900,NO,@0BusiaKenya,@0BusiaKenya
timothy_petrov@bivgs.com,Timothy,M,Petrov,4/1/2007,male,student,+4748188685,Lundveien 45,Jessheim,Jessheim,9946,NO,@0BusiaKenya,@0BusiaKenya
laura_kowalski@bivgs.com,Laura,U,Kowalski,11/8/2007,female,student,+4748184762,Bergbråten 120,Narvik,Narvik,6935,NO,@0BusiaKenya,@0BusiaKenya
jason_johansson@bivgs.com,Jason,S,Johansson,10/6/2007,male,student,+4748184127,Lundplassen 155,Arendal,Arendal,5133,NO,@0BusiaKenya,@0BusiaKenya
sharon_ivanov@bivgs.com,Sharon,A,Ivanov,12/22/2007,female,student,+4748189446,Vikhagen 140,Hønefoss,Hønefoss,9484,NO,@0BusiaKenya,@0BusiaKenya
jeffrey_jensen@bivgs.com,Jeffrey,F,Jensen,5/25/2007,male,student,+4748186795,Lundenga 81,Fauske,Fauske,9567,NO,@0BusiaKenya,@0BusiaKenya
cynthia_ivanov@bivgs.com,Cynthia,N,Ivanov,5/16/2007,female,student,+4748186239,Fjordgata 115,Hønefoss,Hønefoss,9995,NO,@0BusiaKenya,@0BusiaKenya
ryan_dubois@bivgs.com,Ryan,A,Dubois,4/16/2007,male,student,+4748184368,Elvveien 114,Narvik,Narvik,2687,NO,@0BusiaKenya,@0BusiaKenya
jacob_rossi@bivgs.com,Jacob,C,Rossi,9/1/2008,male,student,+4748185214,Dalplassen 11,Sogndal,Sogndal,2985,NO,@0BusiaKenya,@0BusiaKenya
amy_petrov@bivgs.com,Amy,Y,Petrov,4/9/2008,female,student,+4748188467,Skogveien 17,Alta,Alta,4084,NO,@0BusiaKenya,@0BusiaKenya
shirley_novak@bivgs.com,Shirley,I,Novak,8/5/2008,female,student,+4748188093,Havplassen 21,Alta,Alta,1317,NO,@0BusiaKenya,@0BusiaKenya
nicholas_schneider@bivgs.com,Nicholas,C,Schneider,1/22/2008,male,student,+4748183752,Åsplassen 87,Gjøvik,Gjøvik,7106,NO,@0BusiaKenya,@0BusiaKenya
angela_petrov@bivgs.com,Angela,G,Petrov,2/2/2008,female,student,+4748187605,Åsplassen 17,Fauske,Fauske,6570,NO,@0BusiaKenya,@0BusiaKenya
helen_smits@bivgs.com,Helen,L,Smits,7/18/2008,female,student,+4748185396,Elvstien 79,Tynset,Tynset,5755,NO,@0BusiaKenya,@0BusiaKenya
stephen_ivanov@bivgs.com,Stephen,E,Ivanov,4/23/2008,male,student,+4748189921,Havenga 95,Sogndal,Sogndal,1726,NO,@0BusiaKenya,@0BusiaKenya
brenda_popescu@bivgs.com,Brenda,E,Popescu,6/5/2008,female,student,+4748184705,Fjordplassen 143,Alta,Alta,6243,NO,@0BusiaKenya,@0BusiaKenya
larry_dubois@bivgs.com,Larry,R,Dubois,8/3/2008,male,student,+4748183753,Berggata 51,Narvik,Narvik,5463,NO,@0BusiaKenya,@0BusiaKenya
nicole_petrov@bivgs.com,Nicole,C,Petrov,4/28/2008,female,student,+4748188313,Fjordbakken 56,Jessheim,Jessheim,3809,NO,@0BusiaKenya,@0BusiaKenya
scott_andersen@bivgs.com,Scott,O,Andersen,11/13/2008,male,student,+4748184421,Solenga 72,Jessheim,Jessheim,8933,NO,@0BusiaKenya,@0BusiaKenya
emma_andersen@bivgs.com,Emma,M,Andersen,4/19/2009,female,student,+4748184934,Lundplassen 14,Fauske,Fauske,4065,NO,@0BusiaKenya,@0BusiaKenya
brandon_smits@bivgs.com,Brandon,A,Smits,4/26/2009,male,student,+4748183951,Solenga 168,Sandvika,Sandvika,5280,NO,@0BusiaKenya,@0BusiaKenya
samantha_novak@bivgs.com,Samantha,M,Novak,11/26/2009,female,student,+4748183964,Skoghagen 65,Kongsvinger,Kongsvinger,8300,NO,@0BusiaKenya,@0BusiaKenya
benjamin_lindberg@bivgs.com,Benjamin,N,Lindberg,8/5/2009,male,student,+4748188380,Skogenga 184,Arendal,Arendal,6138,NO,@0BusiaKenya,@0BusiaKenya
katherine_dimitrov@bivgs.com,Katherine,T,Dimitrov,12/2/2009,female,student,+4748188127,Skogbakken 136,Førde,Førde,8469,NO,@0BusiaKenya,@0BusiaKenya
samuel_johansson@bivgs.com,Samuel,M,Johansson,7/17/2009,male,student,+4748187133,Skoghagen 95,Kongsvinger,Kongsvinger,8451,NO,@0BusiaKenya,@0BusiaKenya
christine_jensen@bivgs.com,Christine,R,Jensen,5/5/2009,female,student,+4748185291,Vikhagen 100,Tynset,Tynset,8512,NO,@0BusiaKenya,@0BusiaKenya
gregory_smits@bivgs.com,Gregory,E,Smits,10/25/2009,male,student,+4748185637,Åsgata 82,Sandvika,Sandvika,2292,NO,@0BusiaKenya,@0BusiaKenya
debra_jensen@bivgs.com,Debra,B,Jensen,6/23/2009,female,student,+4748189668,Dalveien 81,Førde,Førde,2947,NO,@0BusiaKenya,@0BusiaKenya
alexander_jensen@bivgs.com,Alexander,E,Jensen,9/13/2009,male,student,+4748189569,Solenga 189,Fauske,Fauske,8710,NO,@0BusiaKenya,@0BusiaKenya
catherine_schneider@bivgs.com,Catherine,T,Schneider,8/10/2009,female,student,+4748188169,Solbakken 22,Levanger,Levanger,1084,NO,@0BusiaKenya,@0BusiaKenya
frank_schneider@bivgs.com,Frank,A,Schneider,9/10/2009,male,student,+4748188761,Dalplassen 126,Tynset,Tynset,1097,NO,@0BusiaKenya,@0BusiaKenya
carolyn_kowalski@bivgs.com,Carolyn,R,Kowalski,11/26/2009,female,student,+4748183901,Åsgata 100,Stjørdal,Stjørdal,8879,NO,@0BusiaKenya,@0BusiaKenya
raymond_petrov@bivgs.com,Raymond,Y,Petrov,3/3/2009,male,student,+4748184425,Havhagen 39,Narvik,Narvik,4146,NO,@0BusiaKenya,@0BusiaKenya
janet_johansson@bivgs.com,Janet,N,Johansson,4/5/2009,female,student,+4748187336,Åsenga 30,Moelv,Moelv,9199,NO,@0BusiaKenya,@0BusiaKenya
ruth_hansen@bivgs.com,Ruth,T,Hansen,9/28/2010,female,student,+4748183657,Havveien 124,Hønefoss,Hønefoss,2489,NO,@0BusiaKenya,@0BusiaKenya
dennis_dimitrov@bivgs.com,Dennis,N,Dimitrov,10/1/2010,male,student,+4748185075,Solenga 82,Tynset,Tynset,8814,NO,@0BusiaKenya,@0BusiaKenya
maria_jensen@bivgs.com,Maria,R,Jensen,10/16/2010,female,student,+4748186444,Fjordhagen 96,Kirkenes,Kirkenes,1756,NO,@0BusiaKenya,@0BusiaKenya
jerry_kowalski@bivgs.com,Jerry,R,Kowalski,4/24/2010,male,student,+4748184162,Dalplassen 192,Arendal,Arendal,1662,NO,@0BusiaKenya,@0BusiaKenya
heather_lindberg@bivgs.com,Heather,A,Lindberg,10/15/2010,female,student,+4748189197,Elvbakken 160,Gjøvik,Gjøvik,6198,NO,@0BusiaKenya,@0BusiaKenya
tyler_rossi@bivgs.com,Tyler,L,Rossi,3/13/2010,male,student,+4748189451,Bergstien 4,Levanger,Levanger,9542,NO,@0BusiaKenya,@0BusiaKenya
diane_novak@bivgs.com,Diane,A,Novak,4/14/2010,female,student,+4748189829,Vikplassen 89,Lillestrøm,Lillestrøm,9036,NO,@0BusiaKenya,@0BusiaKenya
virginia_schneider@bivgs.com,Virginia,R,Schneider,2/10/2010,female,student,+4748185905,Lundenga 139,Levanger,Levanger,4867,NO,@0BusiaKenya,@0BusiaKenya
jose_lindberg@bivgs.com,Jose,S,Lindberg,9/22/2010,male,student,+4748187805,Dalbråten 122,Hønefoss,Hønefoss,1615,NO,@0BusiaKenya,@0BusiaKenya
julie_bakker@bivgs.com,Julie,L,Bakker,11/2/2010,female,student,+4748184004,Skogstien 190,Hønefoss,Hønefoss,2505,NO,@0BusiaKenya,@0BusiaKenya
adam_dimitrov@bivgs.com,Adam,A,Dimitrov,9/28/2010,male,student,+4748184424,Havstien 110,Kirkenes,Kirkenes,8395,NO,@0BusiaKenya,@0BusiaKenya
joyce_lindberg@bivgs.com,Joyce,Y,Lindberg,10/18/2010,female,student,+4748188684,Havbråten 162,Alta,Alta,9512,NO,@0BusiaKenya,@0BusiaKenya
henry_ivanov@bivgs.com,Henry,N,Ivanov,4/11/2010,male,student,+4748187684,Lundstien 72,Hønefoss,Hønefoss,7740,NO,@0BusiaKenya,@0BusiaKenya
nathan_kowalski@bivgs.com,Nathan,T,Kowalski,2/13/2010,male,student,+4748188469,Dalhagen 196,Alta,Alta,9527,NO,@0BusiaKenya,@0BusiaKenya
olivia_andersen@bivgs.com,Olivia,I,Andersen,2/21/2010,female,student,+4748186365,Havbakken 103,Notodden,Notodden,7122,NO,@0BusiaKenya,@0BusiaKenya
douglas_popescu@bivgs.com,Douglas,U,Popescu,3/11/2010,male,student,+4748189256,Fjordhagen 1,Moss,Moss,4232,NO,@0BusiaKenya,@0BusiaKenya
zachary_popescu@bivgs.com,Zachary,C,Popescu,5/23/2010,male,student,+4748183376,Dalgata 49,Førde,Førde,3674,NO,@0BusiaKenya,@0BusiaKenya
christina_dubois@bivgs.com,Christina,R,Dubois,6/14/2011,female,student,+4748184470,Solhagen 186,Sandvika,Sandvika,8141,NO,@0BusiaKenya,@0BusiaKenya
peter_jensen@bivgs.com,Peter,T,Jensen,9/5/2011,male,student,+4748188047,Havbråten 9,Moss,Moss,6357,NO,@0BusiaKenya,@0BusiaKenya
lauren_popescu@bivgs.com,Lauren,U,Popescu,12/5/2011,female,student,+4748187363,Vikbakken 171,Sogndal,Sogndal,8822,NO,@0BusiaKenya,@0BusiaKenya
kyle_andersen@bivgs.com,Kyle,L,Andersen,4/20/2011,male,student,+4748185222,Elvenga 29,Gjøvik,Gjøvik,1043,NO,@0BusiaKenya,@0BusiaKenya
joan_hansen@bivgs.com,Joan,A,Hansen,6/17/2011,female,student,+4748187046,Lundbråten 86,Lillestrøm,Lillestrøm,7126,NO,@0BusiaKenya,@0BusiaKenya
judith_dimitrov@bivgs.com,Judith,D,Dimitrov,6/11/2011,female,student,+4748188974,Skogveien 82,Lillestrøm,Lillestrøm,4695,NO,@0BusiaKenya,@0BusiaKenya
jeremy_smits@bivgs.com,Jeremy,R,Smits,10/24/2011,male,student,+4748184831,Åsveien 181,Arendal,Arendal,1319,NO,@0BusiaKenya,@0BusiaKenya
harold_johansson@bivgs.com,Harold,R,Johansson,5/2/2011,male,student,+4748187526,Skogenga 103,Sogndal,Sogndal,3706,NO,@0BusiaKenya,@0BusiaKenya
cheryl_rossi@bivgs.com,Cheryl,E,Rossi,2/22/2011,female,student,+4748187433,Havveien 179,Stjørdal,Stjørdal,7552,NO,@0BusiaKenya,@0BusiaKenya
keith_dimitrov@bivgs.com,Keith,I,Dimitrov,7/28/2011,male,student,+4748184866,Åsgata 113,Stjørdal,Stjørdal,6279,NO,@0BusiaKenya,@0BusiaKenya
andrea_kowalski@bivgs.com,Andrea,D,Kowalski,9/4/2011,female,student,+4748184886,Solbråten 33,Notodden,Notodden,8242,NO,@0BusiaKenya,@0BusiaKenya
roger_hansen@bivgs.com,Roger,G,Hansen,12/17/2011,male,student,+4748184937,Lundbakken 17,Moelv,Moelv,5633,NO,@0BusiaKenya,@0BusiaKenya
frances_petrov@bivgs.com,Frances,A,Petrov,12/23/2011,female,student,+4748189887,Fjordbakken 160,Alta,Alta,1864,NO,@0BusiaKenya,@0BusiaKenya
noah_lindberg@bivgs.com,Noah,A,Lindberg,12/10/2011,male,student,+4748187676,Vikbakken 184,Fauske,Fauske,2501,NO,@0BusiaKenya,@0BusiaKenya
hannah_petrov@bivgs.com,Hannah,N,Petrov,6/9/2011,female,student,+4748186415,Dalbakken 145,Kongsvinger,Kongsvinger,2215,NO,@0BusiaKenya,@0BusiaKenya
jacqueline_popescu@bivgs.com,Jacqueline,C,Popescu,5/15/2011,female,student,+4748187116,Fjordenga 80,Jessheim,Jessheim,8644,NO,@0BusiaKenya,@0BusiaKenya
carl_popescu@bivgs.com,Carl,R,Popescu,5/13/2011,male,student,+4748185218,Skogenga 84,Moss,Moss,3412,NO,@0BusiaKenya,@0BusiaKenya
ann_bakker@bivgs.com,Ann,N,Bakker,9/13/2012,female,student,+4748185821,Dalplassen 120,Fauske,Fauske,2303,NO,@0BusiaKenya,@0BusiaKenya
terry_kowalski@bivgs.com,Terry,R,Kowalski,11/9/2012,male,student,+4748187504,Åshagen 131,Narvik,Narvik,4636,NO,@0BusiaKenya,@0BusiaKenya
jean_andersen@bivgs.com,Jean,A,Andersen,3/20/2012,female,student,+4748185088,Vikgata 13,Arendal,Arendal,1266,NO,@0BusiaKenya,@0BusiaKenya
sean_ivanov@bivgs.com,Sean,A,Ivanov,3/8/2012,male,student,+4748184598,Bergbakken 64,Kongsvinger,Kongsvinger,8794,NO,@0BusiaKenya,@0BusiaKenya
alice_rossi@bivgs.com,Alice,I,Rossi,11/16/2012,female,student,+4748188075,Elvbråten 180,Tynset,Tynset,7434,NO,@0BusiaKenya,@0BusiaKenya
austin_jensen@bivgs.com,Austin,S,Jensen,10/23/2012,male,student,+4748189265,Dalplassen 91,Hønefoss,Hønefoss,7625,NO,@0BusiaKenya,@0BusiaKenya
madison_andersen@bivgs.com,Madison,D,Andersen,11/27/2012,female,student,+4748186008,Elvbråten 108,Moss,Moss,6893,NO,@0BusiaKenya,@0BusiaKenya
arthur_popescu@bivgs.com,Arthur,T,Popescu,11/13/2012,male,student,+4748184712,Havveien 198,Levanger,Levanger,9767,NO,@0BusiaKenya,@0BusiaKenya
lawrence_jensen@bivgs.com,Lawrence,W,Jensen,4/19/2012,male,student,+4748183784,Skogstien 37,Stjørdal,Stjørdal,6997,NO,@0BusiaKenya,@0BusiaKenya
abigail_rossi@bivgs.com,Abigail,I,Rossi,4/9/2012,female,student,+4748184383,Elvenga 134,Notodden,Notodden,1199,NO,@0BusiaKenya,@0BusiaKenya
jesse_novak@bivgs.com,Jesse,S,Novak,1/20/2012,male,student,+4748189626,Fjordbråten 72,Levanger,Levanger,9127,NO,@0BusiaKenya,@0BusiaKenya
dylan_ivanov@bivgs.com,Dylan,L,Ivanov,8/11/2012,male,student,+4748188494,Havbakken 116,Jessheim,Jessheim,9195,NO,@0BusiaKenya,@0BusiaKenya
bryan_jensen@bivgs.com,Bryan,Y,Jensen,12/26/2012,male,student,+4748183336,Lundgata 136,Stjørdal,Stjørdal,2946,NO,@0BusiaKenya,@0BusiaKenya
grace_popescu@bivgs.com,Grace,A,Popescu,6/23/2012,female,student,+4748189387,Vikhagen 146,Moss,Moss,1976,NO,@0BusiaKenya,@0BusiaKenya
joe_dubois@bivgs.com,Joe,E,Dubois,8/10/2012,male,student,+4748188195,Fjordstien 150,Sandvika,Sandvika,2148,NO,@0BusiaKenya,@0BusiaKenya
janice_petrov@bivgs.com,Janice,N,Petrov,12/18/2012,female,student,+4748185856,Elvenga 195,Gjøvik,Gjøvik,8432,NO,@0BusiaKenya,@0BusiaKenya
billy_bakker@bivgs.com,Billy,L,Bakker,10/26/2012,male,student,+4748188048,Lundbråten 27,Alta,Alta,9593,NO,@0BusiaKenya,@0BusiaKenya
rose_ivanov@bivgs.com,Rose,S,Ivanov,2/17/2012,female,student,+4748187384,Solveien 43,Sogndal,Sogndal,2668,NO,@0BusiaKenya,@0BusiaKenya
bruce_hansen@bivgs.com,Bruce,U,Hansen,7/7/2012,male,student,+4748188252,Dalstien 156,Kirkenes,Kirkenes,2919,NO,@0BusiaKenya,@0BusiaKenya
albert_popescu@bivgs.com,Albert,B,Popescu,9/27/2012,male,student,+4748187513,Bergenga 191,Førde,Førde,9111,NO,@0BusiaKenya,@0BusiaKenya
gloria_rossi@bivgs.com,Gloria,O,Rossi,8/12/2012,female,student,+4748184233,Bergbakken 55,Moelv,Moelv,8463,NO,@0BusiaKenya,@0BusiaKenya
willie_hansen@bivgs.com,Willie,L,Hansen,5/1/2012,male,student,+4748183394,Lundbråten 76,Arendal,Arendal,5359,NO,@0BusiaKenya,@0BusiaKenya
eleanor_schneider@bivgs.com,Eleanor,E,Schneider,5/20/2012,female,student,+4748186389,Bergbakken 103,Narvik,Narvik,6815,NO,@0BusiaKenya,@0BusiaKenya
gabriel_lindberg@bivgs.com,Gabriel,B,Lindberg,1/10/2012,male,student,+4748188782,Vikplassen 83,Førde,Førde,6228,NO,@0BusiaKenya,@0BusiaKenya
cassandra_schneider@bivgs.com,Cassandra,S,Schneider,12/2/2012,female,student,+4748184008,Solbakken 190,Sandvika,Sandvika,5442,NO,@0BusiaKenya,@0BusiaKenya
logan_andersen@bivgs.com,Logan,G,Andersen,7/8/2012,male,student,+4748183673,Fjordgata 97,Sandvika,Sandvika,9154,NO,@0BusiaKenya,@0BusiaKenya
marilyn_kowalski@bivgs.com,Marilyn,R,Kowalski,9/28/2012,female,student,+4748187721,Elvstien 23,Kongsvinger,Kongsvinger,3473,NO,@0BusiaKenya,@0BusiaKenya
amber_popescu@bivgs.com,Amber,B,Popescu,6/8/2012,female,student,+4748187422,Havgata 158,Arendal,Arendal,6531,NO,@0BusiaKenya,@0BusiaKenya
juan_dimitrov@bivgs.com,Juan,A,Dimitrov,9/18/2012,male,student,+4748189785,Skogenga 66,Sogndal,Sogndal,8147,NO,@0BusiaKenya,@0BusiaKenya
danielle_lindberg@bivgs.com,Danielle,N,Lindberg,1/24/2012,female,student,+4748185857,Havplassen 180,Sandvika,Sandvika,3585,NO,@0BusiaKenya,@0BusiaKenya
wayne_petrov@bivgs.com,Wayne,Y,Petrov,7/18/2012,male,student,+4748186602,Elvstien 101,Alta,Alta,4088,NO,@0BusiaKenya,@0BusiaKenya
randy_ivanov@bivgs.com,Randy,N,Ivanov,3/17/2012,male,student,+4748186527,Fjordbråten 150,Fauske,Fauske,5839,NO,@0BusiaKenya,@0BusiaKenya
diana_kowalski@bivgs.com,Diana,A,Kowalski,2/10/2012,female,student,+4748189738,Elvhagen 63,Sandvika,Sandvika,4394,NO,@0BusiaKenya,@0BusiaKenya
louis_dimitrov@bivgs.com,Louis,U,Dimitrov,12/20/2012,male,student,+4748187334,Vikbakken 192,Arendal,Arendal,7529,NO,@0BusiaKenya,@0BusiaKenya
natalie_kowalski@bivgs.com,Natalie,T,Kowalski,8/18/2012,female,student,+4748188556,Dalplassen 63,Kirkenes,Kirkenes,6877,NO,@0BusiaKenya,@0BusiaKenya
sophia_dimitrov@bivgs.com,Sophia,P,Dimitrov,2/7/2012,female,student,+4748184105,Havveien 138,Gjøvik,Gjøvik,5891,NO,@0BusiaKenya,@0BusiaKenya
vincent_popescu@bivgs.com,Vincent,N,Popescu,6/24/2012,male,student,+4748188785,Skoggata 128,Lillestrøm,Lillestrøm,1447,NO,@0BusiaKenya,@0BusiaKenya
isabella_dubois@bivgs.com,Isabella,A,Dubois,8/21/2012,female,student,+4748185668,Solbakken 74,Hønefoss,Hønefoss,9323,NO,@0BusiaKenya,@0BusiaKenya
bobby_ivanov@bivgs.com,Bobby,B,Ivanov,4/15/2012,male,student,+4748188245,Fjordenga 186,Kongsvinger,Kongsvinger,3390,NO,@0BusiaKenya,@0BusiaKenya
charlotte_hansen@bivgs.com,Charlotte,A,Hansen,9/24/2012,female,student,+4748186671,Skogenga 6,Notodden,Notodden,4777,NO,@0BusiaKenya,@0BusiaKenya
joseph_kiso_walekhwa@yahoo.com,Joseph Kiso,S,Walekhwa,3/3/2012,male,student,+4796514389,Åsveien 10,Hønefoss,Hønefoss,2684,NO,@0BusiaKenya,@0BusiaKenya
raymond_juma@yahoo.com,Raymond,Y,Jumah,4/7/2012,male,student,+4796111111,Berghagen 184,Moelv,Moelv,1521,NO,@0BusiaKenya,@0BusiaKenya
mary_warlop@testteacher.no,Mary,R,Warlop,6/20/1992,female,teacher,+4796809890,Fjordhagen 152,Kirkenes,Kirkenes,5577,NO,@0BusiaKenya,@0BusiaKenya
elizabeth_ehling@testteacher.no,Elizabeth,I,Ehling,8/24/1975,female,teacher,+4796281435,Solbråten 106,Kongsvinger,Kongsvinger,4936,NO,@0BusiaKenya,@0BusiaKenya
sarah_stauskas@testteacher.no,Sarah,R,Stauskas,9/20/1985,female,teacher,+4796699765,Fjordplassen 63,Sandvika,Sandvika,9686,NO,@0BusiaKenya,@0BusiaKenya
hannah_kisser@testteacher.no,Hannah,N,Kisser,12/22/1981,female,teacher,+4796189692,Skoggata 170,Kongsvinger,Kongsvinger,4174,NO,@0BusiaKenya,@0BusiaKenya
rebecca_silkoset@testteacher.no,Rebecca,B,Silkoset,3/27/1979,female,teacher,+4796271416,Bergbakken 184,Kirkenes,Kirkenes,3150,NO,@0BusiaKenya,@0BusiaKenya
anna_nerstad@testteacher.no,Anna,N,Nerstad,12/25/1986,female,teacher,+4796335947,Elvplassen 64,Sogndal,Sogndal,3926,NO,@0BusiaKenya,@0BusiaKenya
rachel_wang@testteacher.no,Rachel,C,Wang,12/3/1989,female,teacher,+4796590560,Lundenga 75,Gjøvik,Gjøvik,9539,NO,@0BusiaKenya,@0BusiaKenya
leah_fieseler@testteacher.no,Leah,A,Fieseler,1/19/1981,female,teacher,+4796136827,Elvgata 184,Moelv,Moelv,2313,NO,@0BusiaKenya,@0BusiaKenya
martha_andersen@testteacher.no,Martha,R,Andersen,8/7/1994,female,teacher,+4796803151,Skoghagen 182,Arendal,Arendal,8431,NO,@0BusiaKenya,@0BusiaKenya
esther_brinch@testteacher.no,Esther,T,Brinch,2/13/1985,female,teacher,+4796672934,Skogstien 138,Kirkenes,Kirkenes,6390,NO,@0BusiaKenya,@0BusiaKenya
naomi_bruno@testteacher.no,Naomi,O,Bruno,9/13/1995,female,teacher,+4796687375,Havplassen 145,Sogndal,Sogndal,9971,NO,@0BusiaKenya,@0BusiaKenya
lydia_canova@testteacher.no,Lydia,D,Canova,9/26/1977,female,teacher,+4796423128,Åsenga 148,Lillestrøm,Lillestrøm,4326,NO,@0BusiaKenya,@0BusiaKenya
joanna_eriksen@testteacher.no,Joanna,A,Eriksen,6/4/1996,female,teacher,+4796563275,Skoghagen 36,Narvik,Narvik,4701,NO,@0BusiaKenya,@0BusiaKenya
abigail_fiva@testteacher.no,Abigail,I,Fiva,6/8/1997,female,teacher,+4796129140,Dalbråten 38,Moelv,Moelv,8863,NO,@0BusiaKenya,@0BusiaKenya
simon_galle@testteacher.no,Simon,M,Galle,5/18/1993,male,teacher,+4796728478,Lundveien 137,Lillestrøm,Lillestrøm,7128,NO,@0BusiaKenya,@0BusiaKenya
benny_geys@testteacher.no,Benny,N,Geys,5/26/1974,male,teacher,+4796568401,Fjordenga 102,Kirkenes,Kirkenes,6053,NO,@0BusiaKenya,@0BusiaKenya
david_kreiberg@testteacher.no,David,V,Kreiberg,7/21/1991,male,teacher,+4796341931,Vikhagen 177,Arendal,Arendal,9792,NO,@0BusiaKenya,@0BusiaKenya
lin_ma@testteacher.no,Lin,N,Ma,1/27/1984,male,teacher,+4796599929,Åsstien 11,Gjøvik,Gjøvik,4505,NO,@0BusiaKenya,@0BusiaKenya
espen_moen@testteacher.no,Espen,P,Moen,11/19/1990,male,teacher,+4796179167,Bergplassen 94,Gjøvik,Gjøvik,2353,NO,@0BusiaKenya,@0BusiaKenya
knut_mork@testteacher.no,Knut,U,Mork,3/17/1988,male,teacher,+4796931406,Bergbråten 140,Moelv,Moelv,4988,NO,@0BusiaKenya,@0BusiaKenya
plamen_nenov@testteacher.no,Plamen,A,Nenov,11/13/1985,male,teacher,+4796183891,Vikgata 131,Stjørdal,Stjørdal,9403,NO,@0BusiaKenya,@0BusiaKenya
christian_riis@testteacher.no,Christian,R,Riis,2/27/1992,male,teacher,+4796705861,Åsbakken 183,Moelv,Moelv,3409,NO,@0BusiaKenya,@0BusiaKenya
alessia_russo@testteacher.no,Alessia,E,Russo,1/2/1980,female,teacher,+4796126949,Vikenga 118,Hønefoss,Hønefoss,9005,NO,@0BusiaKenya,@0BusiaKenya
erling_larsen@testteacher.no,Erling,L,Larsen,8/5/1985,female,teacher,+4796737098,Bergplassen 44,Lillestrøm,Lillestrøm,7812,NO,@0BusiaKenya,@0BusiaKenya
albert_satorra@testteacher.no,Albert,B,Satorra,11/12/1984,male,teacher,+4796721499,Elvstien 90,Hønefoss,Hønefoss,9135,NO,@0BusiaKenya,@0BusiaKenya
genaro_sucarrat@testteacher.no,Genaro,N,Sucarrat,9/18/1982,male,teacher,+4796535997,Bergplassen 6,Moss,Moss,2938,NO,@0BusiaKenya,@0BusiaKenya
anders_tveit@testteacher.no,Anders,D,Tveit,12/20/1974,male,teacher,+4796700004,Skoghagen 168,Førde,Førde,3345,NO,@0BusiaKenya,@0BusiaKenya
adrien_vigier@testteacher.no,Adrien,R,Vigier,5/10/1977,male,teacher,+4796873416,Fjordgata 102,Levanger,Levanger,1020,NO,@0BusiaKenya,@0BusiaKenya
deborah_cross@testteacher.no,Deborah,B,Cross,6/9/1983,female,teacher,+4796525685,Lundbråten 61,Levanger,Levanger,7095,NO,@0BusiaKenya,@0BusiaKenya
francisco_martinez@testteacher.no,Francisco,A,Martinez,12/19/1997,male,teacher,+4796914415,Skogbakken 183,Lillestrøm,Lillestrøm,4814,NO,@0BusiaKenya,@0BusiaKenya
gisle_natvik@testteacher.no,Gisle,S,Natvik,7/9/1984,male,teacher,+4796128178,Solhagen 24,Tynset,Tynset,9012,NO,@0BusiaKenya,@0BusiaKenya
